section,title,description
3,BNS Section 3 - General Explanations.,"B.N.S 3, General Explanations."
4,BNS Section 4 - Punishments.,"B.N.S 4, Punishments."
6,BNS Section 6 - Fractions of terms of punishment.,"B.N.S 6, Fractions of terms of punishment."
9,BNS Section 9 - Limit of punishment of offence made up of several offences.,"B.N.S 9, Limit of punishment of offence made up of several offences."
1,"BNS Section 1 - Short title, commencement and application.","B.N.S 1, Short title, commencement and application."
10,"BNS Section 10 - Punishment of person guilty of one of several offences, the judgment stating that it is doubtful of which.","B.N.S 10, Punishment of person guilty of one of several offences, the judgment stating that it is doubtful of which."
8,"BNS Section 8 - Amount of fine, liability in default of payment of fine, etc.","B.N.S 8, Amount of fine, liability in default of payment of fine, etc."
5,BNS Section 5 - Commutation of sentence.,"B.N.S 5, Commutation of sentence."
7,BNS Section 7 - Sentence may be (in certain cases of imprisonment) wholly or partly rigorous or simple.,"B.N.S 7, Sentence may be (in certain cases of imprisonment) wholly or partly rigorous or simple."
2,BNS Section 2 - Definitions.,"B.N.S 2, Definitions."
11,BNS Section 11 - Solitary confinement.,"B.N.S 11, Solitary confinement."
12,BNS Section 12 - Limit of solitary confinement.,"B.N.S 12, Limit of solitary confinement."
14,"BNS Section 14 - Act done by a person bound, or by mistake of fact believing himself bound, by law.","B.N.S 14, Act done by a person bound, or by mistake of fact believing himself bound, by law."
13,BNS Section 13 - Enhanced punishment for certain offences after previous conviction.,"B.N.S 13, Enhanced punishment for certain offences after previous conviction."
15,BNS Section 15 - Act of Judge when acting judicially.,"B.N.S 15, Act of Judge when acting judicially."
18,BNS Section 18 - Accident in doing a lawful act.,"B.N.S 18, Accident in doing a lawful act."
17,"BNS Section 17 - Act done by a person justified, or by mistake of fact believing himself, justified, by law.","B.N.S 17, Act done by a person justified, or by mistake of fact believing himself, justified, by law."
19,"BNS Section 19 - Act likely to cause harm, but done without criminal intent, and to prevent other harm.","B.N.S 19, Act likely to cause harm, but done without criminal intent, and to prevent other harm."
16,BNS Section 16 - Act done pursuant to the judgment or order of Court.,"B.N.S 16, Act done pursuant to the judgment or order of Court."
20,BNS Section 20 - Act of a child under seven years of age.,"B.N.S 20, Act of a child under seven years of age."
21,BNS Section 21 - Act of a child above seven and under twelve of immature understanding.,"B.N.S 21, Act of a child above seven and under twelve of immature understanding."
23,BNS Section 23 - Act of a person incapable of judgment by reason of intoxication caused against his will.,"B.N.S 23, Act of a person incapable of judgment by reason of intoxication caused against his will."
22,BNS Section 22 - Act of a person of unsound mind.,"B.N.S 22, Act of a person of unsound mind."
25,"BNS Section 25 - Act not intended and not known to be likely to cause death or grievous hurt, done by consent.","B.N.S 25, Act not intended and not known to be likely to cause death or grievous hurt, done by consent."
24,BNS Section 24 - Offence requiring a particular intent or knowledge committed by one who is intoxicated.,"B.N.S 24, Offence requiring a particular intent or knowledge committed by one who is intoxicated."
29,BNS Section 29 - Exclusion of acts which are offences independently of harm caused.,"B.N.S 29, Exclusion of acts which are offences independently of harm caused."
27,"BNS Section 27 - Act done in good faith for benefit of child or person with unsound mind, by or by consent of guardian.","B.N.S 27, Act done in good faith for benefit of child or person with unsound mind, by or by consent of guardian."
28,BNS Section 28 - Consent known to be given under fear or misconception.,"B.N.S 28, Consent known to be given under fear or misconception."
26,"BNS Section 26 - Act not intended to cause death, done by consent in good faith for person’s benefit.","B.N.S 26, Act not intended to cause death, done by consent in good faith for person’s benefit."
30,BNS Section 30 - Act done in good faith for benefit of a person without consent.,"B.N.S 30, Act done in good faith for benefit of a person without consent."
33,BNS Section 33 - Act causing slight harm.,"B.N.S 33, Act causing slight harm."
32,BNS Section 32 - Act to which a person compelled by threats.,"B.N.S 32, Act to which a person compelled by threats."
31,BNS Section 31 - Communication made in good faith.,"B.N.S 31, Communication made in good faith."
34,BNS Section 34 - Things done in private defence.,"B.N.S 34, Things done in private defence."
38,BNS Section 38 - When the right of private defence of the body extends to causing death.,"B.N.S 38, When the right of private defence of the body extends to causing death."
35,BNS Section 35 - Right of private defence of the body and of property.,"B.N.S 35, Right of private defence of the body and of property."
36,"BNS Section 36 - Right of private defence against the act of a person with unsound mind, etc.","B.N.S 36, Right of private defence against the act of a person with unsound mind, etc."
37,BNS Section 37 - Acts against which there is no right of private defence.,"B.N.S 37, Acts against which there is no right of private defence."
39,BNS Section 39 - When such right extends to causing any harm other than death.,"B.N.S 39, When such right extends to causing any harm other than death."
40,BNS Section 40 - Commencement and continuance of the right of private defence of the body.,"B.N.S 40, Commencement and continuance of the right of private defence of the body."
41,BNS Section 41 - When the right of private defence of property extends to causing death.,"B.N.S 41, When the right of private defence of property extends to causing death."
42,BNS Section 42 - When such right extends to causing any harm other than death.,"B.N.S 42, When such right extends to causing any harm other than death."
43,BNS Section 43 - Commencement and continuance of the right of private defence of property.,"B.N.S 43, Commencement and continuance of the right of private defence of property."
44,BNS Section 44 - Right of private defence against deadly assault when there is risk of harm to innocent person.,"B.N.S 44, Right of private defence against deadly assault when there is risk of harm to innocent person."
46,BNS Section 46 - Abettor.,"B.N.S 46, Abettor."
47,BNS Section 47 - Abetment in India of offences outside India.,"B.N.S 47, Abetment in India of offences outside India."
45,BNS Section 45 - Abetment of a thing.,"B.N.S 45, Abetment of a thing."
48,BNS Section 48 - Abetment outside India for offence in India.,"B.N.S 48, Abetment outside India for offence in India."
50,BNS Section 50 - Punishment of abetment if person abetted does act with different intention from that of abettor.,"B.N.S 50, Punishment of abetment if person abetted does act with different intention from that of abettor."
49,BNS Section 49 - Punishment of abetment if the act abetted is committed in consequence and where no express provision is made for its punishment.,"B.N.S 49, Punishment of abetment if the act abetted is committed in consequence and where no express provision is made for its punishment."
51,BNS Section 51 - Liability of abettor when one act abetted and different act done.,"B.N.S 51, Liability of abettor when one act abetted and different act done."
52,BNS Section 52 - Abettor when liable to cumulative punishment for act abetted and for act done.,"B.N.S 52, Abettor when liable to cumulative punishment for act abetted and for act done."
53,BNS Section 53 - Liability of abettor for an effect caused by the act abetted different from that intended by the abettor.,"B.N.S 53, Liability of abettor for an effect caused by the act abetted different from that intended by the abettor."
54,BNS Section 54 - Abettor present when offence is committed.,"B.N.S 54, Abettor present when offence is committed."
55,BNS Section 55 - Abetment of offence punishable with death or imprisonment for life.,"B.N.S 55, Abetment of offence punishable with death or imprisonment for life."
57,BNS Section 57 - Abetting commission of offence by the public or by more than ten persons.,"B.N.S 57, Abetting commission of offence by the public or by more than ten persons."
56,BNS Section 56 - Abetment of offence punishable with imprisonment.,"B.N.S 56, Abetment of offence punishable with imprisonment."
60,BNS Section 60 - Concealing design to commit offence punishable with imprisonment.,"B.N.S 60, Concealing design to commit offence punishable with imprisonment."
59,BNS Section 59 - Public servant concealing design to commit offence which it is his duty to prevent.,"B.N.S 59, Public servant concealing design to commit offence which it is his duty to prevent."
58,BNS Section 58 - Concealing design to commit offence punishable with death or imprisonment for life.,"B.N.S 58, Concealing design to commit offence punishable with death or imprisonment for life."
61,BNS Section 61 - Criminal conspiracy.,"B.N.S 61, Criminal conspiracy."
63,BNS Section 63 - Rape.,"B.N.S 63, Rape."
62,BNS Section 62 - Punishment for attempting to commit offences punishable with imprisonment for life or other imprisonment.,"B.N.S 62, Punishment for attempting to commit offences punishable with imprisonment for life or other imprisonment."
64,BNS Section 64 - Punishment for rape.,"B.N.S 64, Punishment for rape."
65,BNS Section 65 - Punishment for rape in certain cases.,"B.N.S 65, Punishment for rape in certain cases."
67,BNS Section 67 - Sexual intercourse by husband upon his wife during separation.,"B.N.S 67, Sexual intercourse by husband upon his wife during separation."
66,BNS Section 66 - Punishment for causing death or resulting in persistent vegetative state of victim.,"B.N.S 66, Punishment for causing death or resulting in persistent vegetative state of victim."
69,BNS Section 69 - Sexual intercourse by employing deceitful means etc.,"B.N.S 69, Sexual intercourse by employing deceitful means etc."
68,BNS Section 68 - Sexual intercourse by a person in authority.,"B.N.S 68, Sexual intercourse by a person in authority."
70,BNS Section 70 - Gang rape.,"B.N.S 70, Gang rape."
71,BNS Section 71 - Punishment for repeat offenders.,"B.N.S 71, Punishment for repeat offenders."
73,BNS Section 73 - Printing or publishing any matter relating to Court proceedings without permission.,"B.N.S 73, Printing or publishing any matter relating to Court proceedings without permission."
72,"BNS Section 72 - Disclosure of identity of the victim of certain offences, etc.","B.N.S 72, Disclosure of identity of the victim of certain offences, etc."
74,BNS Section 74 - Assault or criminal force to woman with intent to outrage her modesty.,"B.N.S 74, Assault or criminal force to woman with intent to outrage her modesty."
75,BNS Section 75 - Sexual harassment.,"B.N.S 75, Sexual harassment."
77,BNS Section 77 - Voyeurism.,"B.N.S 77, Voyeurism."
76,BNS Section 76 - Assault or use of criminal force to woman with intent to disrobe.,"B.N.S 76, Assault or use of criminal force to woman with intent to disrobe."
79,"BNS Section 79 - Word, gesture or act intended to insult the modesty of a woman.","B.N.S 79, Word, gesture or act intended to insult the modesty of a woman."
78,BNS Section 78 - Stalking.,"B.N.S 78, Stalking."
80,BNS Section 80 - Dowry death.,"B.N.S 80, Dowry death."
81,BNS Section 81 - Cohabitation caused by a man deceitfully inducing a belief of lawful marriage.,"B.N.S 81, Cohabitation caused by a man deceitfully inducing a belief of lawful marriage."
83,BNS Section 83 - Marriage ceremony fraudulently gone through without lawful marriage.,"B.N.S 83, Marriage ceremony fraudulently gone through without lawful marriage."
82,BNS Section 82 - Marrying again during lifetime of husband or wife.,"B.N.S 82, Marrying again during lifetime of husband or wife."
84,BNS Section 84 - Enticing or taking away or detaining with criminal intent a married woman.,"B.N.S 84, Enticing or taking away or detaining with criminal intent a married woman."
85,BNS Section 85 - Husband or relative of husband of a woman subjecting her to cruelty.,"B.N.S 85, Husband or relative of husband of a woman subjecting her to cruelty."
86,BNS Section 86 - Cruelty defined.,"B.N.S 86, Cruelty defined."
87,"BNS Section 87 - Kidnapping, abducting or inducing woman to compel her marriage, etc.","B.N.S 87, Kidnapping, abducting or inducing woman to compel her marriage, etc."
88,BNS Section 88 - Causing miscarriage.,"B.N.S 88, Causing miscarriage."
89,BNS Section 89 - Causing miscarriage without woman’s consent.,"B.N.S 89, Causing miscarriage without woman’s consent."
90,BNS Section 90 - Death caused by act done with intent to cause miscarriage.,"B.N.S 90, Death caused by act done with intent to cause miscarriage."
91,BNS Section 91 - Act done with intent to prevent child being born alive or to cause it to die after birth.,"B.N.S 91, Act done with intent to prevent child being born alive or to cause it to die after birth."
93,"BNS Section 93 - Exposure and abandonment of child under twelve years, by parent or person having care of it.","B.N.S 93, Exposure and abandonment of child under twelve years, by parent or person having care of it."
92,BNS Section 92 - Causing death of quick unborn child by act amounting to culpable homicide.,"B.N.S 92, Causing death of quick unborn child by act amounting to culpable homicide."
94,BNS Section 94 - Concealment of birth by secret disposal of dead body.,"B.N.S 94, Concealment of birth by secret disposal of dead body."
95,"BNS Section 95 - Hiring, employing or engaging a child to commit an offence.","B.N.S 95, Hiring, employing or engaging a child to commit an offence."
96,BNS Section 96 - Procuration of child.,"B.N.S 96, Procuration of child."
97,BNS Section 97 - Kidnapping or abducting child under ten years with intent to steal from its person.,"B.N.S 97, Kidnapping or abducting child under ten years with intent to steal from its person."
98,"BNS Section 98 - Selling child for purposes of prostitution, etc.","B.N.S 98, Selling child for purposes of prostitution, etc."
99,"BNS Section 99 - Buying child for purposes of prostitution, etc.","B.N.S 99, Buying child for purposes of prostitution, etc."
100,BNS Section 100 - Culpable homicide.,"B.N.S 100, Culpable homicide."
101,BNS Section 101 - Murder.,"B.N.S 101, Murder."
102,BNS Section 102 - Culpable homicide by causing death of person other than person whose death was intended.,"B.N.S 102, Culpable homicide by causing death of person other than person whose death was intended."
103,BNS Section 103 - Punishment for murder.,"B.N.S 103, Punishment for murder."
104,BNS Section 104 - Punishment for murder by life-convict.,"B.N.S 104, Punishment for murder by life-convict."
105,BNS Section 105 - Punishment for culpable homicide not amounting to murder.,"B.N.S 105, Punishment for culpable homicide not amounting to murder."
107,BNS Section 107 - Abetment of suicide of child or person of unsound mind.,"B.N.S 107, Abetment of suicide of child or person of unsound mind."
108,BNS Section 108 - Abetment of suicide.,"B.N.S 108, Abetment of suicide."
109,BNS Section 109 - Attempt to murder.,"B.N.S 109, Attempt to murder."
106,BNS Section 106 - Causing death by negligence.,"B.N.S 106, Causing death by negligence."
110,BNS Section 110 - Attempt to commit culpable homicide.,"B.N.S 110, Attempt to commit culpable homicide."
111,BNS Section 111 - Organised crime.,"B.N.S 111, Organised crime."
112,BNS Section 112 - Petty organised crime.,"B.N.S 112, Petty organised crime."
113,BNS Section 113 - Terrorist act.,"B.N.S 113, Terrorist act."
115,BNS Section 115 - Voluntarily causing hurt.,"B.N.S 115, Voluntarily causing hurt."
114,BNS Section 114 - Hurt.,"B.N.S 114, Hurt."
116,BNS Section 116 - Grievous hurt.,"B.N.S 116, Grievous hurt."
118,BNS Section 118 - Voluntarily causing hurt or grievous hurt by dangerous weapons or means.,"B.N.S 118, Voluntarily causing hurt or grievous hurt by dangerous weapons or means."
117,BNS Section 117 - Voluntarily causing grievous hurt.,"B.N.S 117, Voluntarily causing grievous hurt."
119,"BNS Section 119 - Voluntarily causing hurt or grievous hurt to extort property, or to constrain to an illegal to an act.","B.N.S 119, Voluntarily causing hurt or grievous hurt to extort property, or to constrain to an illegal to an act."
120,"BNS Section 120 - Voluntarily causing hurt or grievous hurt to extort confession, or to compel restoration of property.","B.N.S 120, Voluntarily causing hurt or grievous hurt to extort confession, or to compel restoration of property."
121,BNS Section 121 - Voluntarily causing hurt or grievous hurt to deter public servant from his duty.,"B.N.S 121, Voluntarily causing hurt or grievous hurt to deter public servant from his duty."
122,BNS Section 122 - Voluntarily causing hurt or grievous hurt on provocation.,"B.N.S 122, Voluntarily causing hurt or grievous hurt on provocation."
123,"BNS Section 123 - Causing hurt by means of poison, etc., with intent to commit an offence.","B.N.S 123, Causing hurt by means of poison, etc., with intent to commit an offence."
125,BNS Section 125 - Act endangering life or personal safety of others.,"B.N.S 125, Act endangering life or personal safety of others."
126,BNS Section 126 - Wrongful restraint.,"B.N.S 126, Wrongful restraint."
124,"BNS Section 124 - Voluntarily causing grievous hurt by use of acid, etc.","B.N.S 124, Voluntarily causing grievous hurt by use of acid, etc."
129,BNS Section 129 - Criminal force.,"B.N.S 129, Criminal force."
128,BNS Section 128 - Force.,"B.N.S 128, Force."
127,BNS Section 127 - Wrongful confinement.,"B.N.S 127, Wrongful confinement."
130,BNS Section 130 - Assault.,"B.N.S 130, Assault."
131,BNS Section 131 - Punishment for assault or criminal force otherwise than on grave provocation.,"B.N.S 131, Punishment for assault or criminal force otherwise than on grave provocation."
132,BNS Section 132 - Assault or criminal force to deter public servant from discharge of his duty.,"B.N.S 132, Assault or criminal force to deter public servant from discharge of his duty."
134,BNS Section 134 - Assault or criminal force in attempt to commit theft of property carried by a person.,"B.N.S 134, Assault or criminal force in attempt to commit theft of property carried by a person."
135,BNS Section 135 - Assault or criminal force in attempt wrongfully to confine a person.,"B.N.S 135, Assault or criminal force in attempt wrongfully to confine a person."
136,BNS Section 136 - Assault or criminal force on grave provocation.,"B.N.S 136, Assault or criminal force on grave provocation."
133,"BNS Section 133 - Assault or criminal force with intent to dishonor person, otherwise than on grave provocation.","B.N.S 133, Assault or criminal force with intent to dishonor person, otherwise than on grave provocation."
137,BNS Section 137 - Kidnapping.,"B.N.S 137, Kidnapping."
139,BNS Section 139 - Kidnapping or maiming a child for purposes of begging.,"B.N.S 139, Kidnapping or maiming a child for purposes of begging."
140,BNS Section 140 - Kidnapping or abducting in order to murder or for ransom etc.,"B.N.S 140, Kidnapping or abducting in order to murder or for ransom etc."
138,BNS Section 138 - Abduction.,"B.N.S 138, Abduction."
141,BNS Section 141 - Importation of girl or boy from foreign country.,"B.N.S 141, Importation of girl or boy from foreign country."
142,"BNS Section 142 - Wrongfully concealing or keeping in confinement, kidnapped or abducted person.","B.N.S 142, Wrongfully concealing or keeping in confinement, kidnapped or abducted person."
145,BNS Section 145 - Habitual dealing in slaves.,"B.N.S 145, Habitual dealing in slaves."
143,BNS Section 143 - Trafficking of person.,"B.N.S 143, Trafficking of person."
144,BNS Section 144 - Exploitation of a trafficked person.,"B.N.S 144, Exploitation of a trafficked person."
150,BNS Section 150 - Concealing with intent to facilitate design to wage war.,"B.N.S 150, Concealing with intent to facilitate design to wage war."
147,"BNS Section 147 - Waging, or attempting to wage war, or abetting waging of war, against the Government of India.","B.N.S 147, Waging, or attempting to wage war, or abetting waging of war, against the Government of India."
149,"BNS Section 149 - Collecting arms, etc., with intention of waging war against the Government of India.","B.N.S 149, Collecting arms, etc., with intention of waging war against the Government of India."
148,BNS Section 148 - Conspiracy to commit offences punishable by section 147.,"B.N.S 148, Conspiracy to commit offences punishable by section 147."
146,BNS Section 146 - Unlawful compulsory labour.,"B.N.S 146, Unlawful compulsory labour."
152,BNS Section 152 - Acts endangering sovereignty unity and integrity of India.,"B.N.S 152, Acts endangering sovereignty unity and integrity of India."
151,"BNS Section 151 - Assaulting President, Governor, etc., with intent to compel or restrain the exercise of any lawful power.","B.N.S 151, Assaulting President, Governor, etc., with intent to compel or restrain the exercise of any lawful power."
153,BNS Section 153 - Waging war against Government of any foreign State at peace with the Government of India.,"B.N.S 153, Waging war against Government of any foreign State at peace with the Government of India."
155,BNS Section 155 - Receiving property taken by war or depredation mentioned in sections 153 and 154.,"B.N.S 155, Receiving property taken by war or depredation mentioned in sections 153 and 154."
154,BNS Section 154 - Committing depredation on territories of foreign State at peace with the Government of India.,"B.N.S 154, Committing depredation on territories of foreign State at peace with the Government of India."
156,BNS Section 156 - Public servant voluntarily allowing prisoner of state or war to escape.,"B.N.S 156, Public servant voluntarily allowing prisoner of state or war to escape."
158,"BNS Section 158 - Aiding escape of, rescuing or harbouring such prisoner.","B.N.S 158, Aiding escape of, rescuing or harbouring such prisoner."
157,BNS Section 157 - Public servant negligently suffering such prisoner to escape.,"B.N.S 157, Public servant negligently suffering such prisoner to escape."
159,"BNS Section 159 - Abetting mutiny, or attempting to seduce a soldier, sailor or airman from his duty.","B.N.S 159, Abetting mutiny, or attempting to seduce a soldier, sailor or airman from his duty."
160,"BNS Section 160 - Abetment of mutiny, if mutiny is committed in consequence thereof.","B.N.S 160, Abetment of mutiny, if mutiny is committed in consequence thereof."
162,"BNS Section 162 - Abetment of such assault, if the assault committed.","B.N.S 162, Abetment of such assault, if the assault committed."
161,"BNS Section 161 - Abetment of assault by soldier, sailor or airman on his superior officer, when in execution of his office.","B.N.S 161, Abetment of assault by soldier, sailor or airman on his superior officer, when in execution of his office."
163,"BNS Section 163 - Abetment of desertion of soldier, sailor or airman.","B.N.S 163, Abetment of desertion of soldier, sailor or airman."
164,BNS Section 164 - Harbouring deserter.,"B.N.S 164, Harbouring deserter."
165,BNS Section 165 - Deserter concealed on board merchant vessel through negligence of master.,"B.N.S 165, Deserter concealed on board merchant vessel through negligence of master."
166,"BNS Section 166 - Abetment of act of insubordination by soldier, sailor or airman.","B.N.S 166, Abetment of act of insubordination by soldier, sailor or airman."
168,"BNS Section 168 - Wearing garb or carrying token used by soldier, sailor or airman.","B.N.S 168, Wearing garb or carrying token used by soldier, sailor or airman."
167,BNS Section 167 - Persons subject to certain Acts.,"B.N.S 167, Persons subject to certain Acts."
169,"BNS Section 169 - Candidate, electoral right defined.","B.N.S 169, Candidate, electoral right defined."
170,BNS Section 170 - Bribery.,"B.N.S 170, Bribery."
171,BNS Section 171 - Undue influence at elections.,"B.N.S 171, Undue influence at elections."
172,BNS Section 172 - Personation at elections.,"B.N.S 172, Personation at elections."
173,BNS Section 173 - Punishment for bribery.,"B.N.S 173, Punishment for bribery."
174,BNS Section 174 - Punishment for undue influence or personation at an election.,"B.N.S 174, Punishment for undue influence or personation at an election."
175,BNS Section 175 - False statement in connection with an election.,"B.N.S 175, False statement in connection with an election."
176,BNS Section 176 - Illegal payments in connection with an election.,"B.N.S 176, Illegal payments in connection with an election."
179,"BNS Section 179 - Using as genuine, forged or counterfeit coin, Government stamp, currency-notes or bank notes.","B.N.S 179, Using as genuine, forged or counterfeit coin, Government stamp, currency-notes or bank notes."
177,BNS Section 177 - Failure to keep election accounts.,"B.N.S 177, Failure to keep election accounts."
178,"BNS Section 178 - Counterfeiting coin, government stamps, currency-notes or bank-notes.","B.N.S 178, Counterfeiting coin, government stamps, currency-notes or bank-notes."
180,"BNS Section 180 - Possession of forged or counterfeit coin, Government stamp, currency-notes or bank-notes.","B.N.S 180, Possession of forged or counterfeit coin, Government stamp, currency-notes or bank-notes."
182,BNS Section 182 - Making or using documents resembling currency-notes or bank-notes.,"B.N.S 182, Making or using documents resembling currency-notes or bank-notes."
181,"BNS Section 181 - Making or possessing instruments or materials for forging or counterfeiting coin, Government stamp, currency notes or bank-notes.","B.N.S 181, Making or possessing instruments or materials for forging or counterfeiting coin, Government stamp, currency notes or bank-notes."
183,"BNS Section 183 - Effacing writing from substance bearing Government stamp, or removing from document a stamp used for it, with intent to cause loss to Government.","B.N.S 183, Effacing writing from substance bearing Government stamp, or removing from document a stamp used for it, with intent to cause loss to Government."
185,BNS Section 185 - Erasure of mark denoting that stamp has been used.,"B.N.S 185, Erasure of mark denoting that stamp has been used."
184,BNS Section 184 - Using Government stamp known to have been before used.,"B.N.S 184, Using Government stamp known to have been before used."
187,BNS Section 187 - Person employed in mint causing coin to be of different weight or composition from that fixed by law.,"B.N.S 187, Person employed in mint causing coin to be of different weight or composition from that fixed by law."
188,BNS Section 188 - Unlawfully taking coining instrument from mint.,"B.N.S 188, Unlawfully taking coining instrument from mint."
186,BNS Section 186 - Prohibition of fictitious stamps.,"B.N.S 186, Prohibition of fictitious stamps."
189,BNS Section 189 - Unlawful assembly.,"B.N.S 189, Unlawful assembly."
190,BNS Section 190 - Every member of unlawful assembly guilty of offence committed in prosecution of common object.,"B.N.S 190, Every member of unlawful assembly guilty of offence committed in prosecution of common object."
191,BNS Section 191 - Rioting.,"B.N.S 191, Rioting."
192,BNS Section 192 - Wantonly giving provocation with intent to cause riot- if rioting be committed; if not committed.,"B.N.S 192, Wantonly giving provocation with intent to cause riot- if rioting be committed; if not committed."
193,"BNS Section 193 - Liability of owner, occupier etc., of land on which an unlawful assembly or riot takes place.","B.N.S 193, Liability of owner, occupier etc., of land on which an unlawful assembly or riot takes place."
194,BNS Section 194 - Affray.,"B.N.S 194, Affray."
195,"BNS Section 195 - Assaulting or obstructing public servant when suppressing riot, etc.","B.N.S 195, Assaulting or obstructing public servant when suppressing riot, etc."
198,"BNS Section 198 - Public servant disobeying law, with intent to cause injury to any person.","B.N.S 198, Public servant disobeying law, with intent to cause injury to any person."
197,"BNS Section 197 - Imputations, assertions prejudicial to national integration.","B.N.S 197, Imputations, assertions prejudicial to national integration."
196,"BNS Section 196 - Promoting enmity between different groups on ground of religion, race, place of birth, residence, language, etc., and doing acts prejudicial to maintenance of harmony.","B.N.S 196, Promoting enmity between different groups on ground of religion, race, place of birth, residence, language, etc., and doing acts prejudicial to maintenance of harmony."
199,BNS Section 199 - Public servant disobeying direction under law.,"B.N.S 199, Public servant disobeying direction under law."
200,BNS Section 200 - Punishment for non-treatment of victim.,"B.N.S 200, Punishment for non-treatment of victim."
201,BNS Section 201 - Public servant framing an incorrect document with intent to cause injury.,"B.N.S 201, Public servant framing an incorrect document with intent to cause injury."
202,BNS Section 202 - Public servant unlawfully engaging in trade.,"B.N.S 202, Public servant unlawfully engaging in trade."
203,BNS Section 203 - Public servant unlawfully buying or bidding for property.,"B.N.S 203, Public servant unlawfully buying or bidding for property."
204,BNS Section 204 - Personating a public servant.,"B.N.S 204, Personating a public servant."
205,BNS Section 205 - Wearing garb or carrying token used by public servant with fraudulent intent.,"B.N.S 205, Wearing garb or carrying token used by public servant with fraudulent intent."
206,BNS Section 206 - Absconding to avoid service of summons or other proceeding.,"B.N.S 206, Absconding to avoid service of summons or other proceeding."
209,"BNS Section 209 - Non-appearance in response to a proclamation under section 84 of Bharatiya Nagarik Suraksha Sanhita, 2023.","B.N.S 209, Non-appearance in response to a proclamation under section 84 of Bharatiya Nagarik Suraksha Sanhita, 2023."
208,BNS Section 208 - Non-attendance in obedience to an order from public servant.,"B.N.S 208, Non-attendance in obedience to an order from public servant."
207,"BNS Section 207 - Preventing service of summons or other proceeding, or preventing publication thereof.","B.N.S 207, Preventing service of summons or other proceeding, or preventing publication thereof."
210,BNS Section 210 - Omission to produce document or electronic record to public servant by person legally bound to produce it.,"B.N.S 210, Omission to produce document or electronic record to public servant by person legally bound to produce it."
211,BNS Section 211 - Omission to give notice or information to public servant by person legally bound to give it.,"B.N.S 211, Omission to give notice or information to public servant by person legally bound to give it."
212,BNS Section 212 - Furnishing false information.,"B.N.S 212, Furnishing false information."
213,BNS Section 213 - Refusing oath or affirmation when duly required by public servant to make it.,"B.N.S 213, Refusing oath or affirmation when duly required by public servant to make it."
214,BNS Section 214 - Refusing to answer public servant authorised to question.,"B.N.S 214, Refusing to answer public servant authorised to question."
215,BNS Section 215 - Refusing to sign statement.,"B.N.S 215, Refusing to sign statement."
216,BNS Section 216 - False statement on oath or affirmation to public servant or person authorised to administer an oath or affirmation.,"B.N.S 216, False statement on oath or affirmation to public servant or person authorised to administer an oath or affirmation."
219,BNS Section 219 - Obstructing sale of property offered for sale by authority of public servant.,"B.N.S 219, Obstructing sale of property offered for sale by authority of public servant."
218,BNS Section 218 - Resistance to the taking of property by the lawful authority of a public servant.,"B.N.S 218, Resistance to the taking of property by the lawful authority of a public servant."
217,"BNS Section 217 - False information, with intent to cause public servant to use his lawful power to the injury of another person.","B.N.S 217, False information, with intent to cause public servant to use his lawful power to the injury of another person."
222,BNS Section 222 - Omission to assist public servant when bound by law to give assistance.,"B.N.S 222, Omission to assist public servant when bound by law to give assistance."
221,BNS Section 221 - Obstructing public servant in discharge of public functions.,"B.N.S 221, Obstructing public servant in discharge of public functions."
220,BNS Section 220 - Illegal purchase or bid for property offered for sale by authority of public servant.,"B.N.S 220, Illegal purchase or bid for property offered for sale by authority of public servant."
223,BNS Section 223 - Disobedience to order duly promulgated by public servant.,"B.N.S 223, Disobedience to order duly promulgated by public servant."
225,BNS Section 225 - Threat of injury to induce person to refrain from applying for protection to public servant.,"B.N.S 225, Threat of injury to induce person to refrain from applying for protection to public servant."
224,BNS Section 224 - Threat of injury to public servant.,"B.N.S 224, Threat of injury to public servant."
228,BNS Section 228 - Fabricating false evidence.,"B.N.S 228, Fabricating false evidence."
229,BNS Section 229 - Punishment for false evidence.,"B.N.S 229, Punishment for false evidence."
227,BNS Section 227 - Giving false evidence.,"B.N.S 227, Giving false evidence."
226,BNS Section 226 - Attempt to commit suicide to compel or restraint exercise of lawful power.,"B.N.S 226, Attempt to commit suicide to compel or restraint exercise of lawful power."
230,BNS Section 230 - Giving or fabricating false evidence with intent to procure conviction of capital offence.,"B.N.S 230, Giving or fabricating false evidence with intent to procure conviction of capital offence."
232,BNS Section 232 - Threatening any person to give false evidence.,"B.N.S 232, Threatening any person to give false evidence."
233,BNS Section 233 - Using evidence known to be false.,"B.N.S 233, Using evidence known to be false."
235,BNS Section 235 - Using as true a certificate known to be false.,"B.N.S 235, Using as true a certificate known to be false."
234,BNS Section 234 - Issuing or signing false certificate.,"B.N.S 234, Issuing or signing false certificate."
231,BNS Section 231 - Giving or fabricating false evidence with intent to procure conviction of offence punishable with imprisonment for life or imprisonment.,"B.N.S 231, Giving or fabricating false evidence with intent to procure conviction of offence punishable with imprisonment for life or imprisonment."
239,BNS Section 239 - Intentional omission to give information of offence by person bound to inform.,"B.N.S 239, Intentional omission to give information of offence by person bound to inform."
236,BNS Section 236 - False statement made in declaration which is by law receivable as evidence.,"B.N.S 236, False statement made in declaration which is by law receivable as evidence."
238,"BNS Section 238 - Causing disappearance of evidence of offence, or giving false information to screen offender.","B.N.S 238, Causing disappearance of evidence of offence, or giving false information to screen offender."
237,BNS Section 237 - Using as true such declaration knowing it to be false.,"B.N.S 237, Using as true such declaration knowing it to be false."
240,BNS Section 240 - Giving false information respecting an offence committed.,"B.N.S 240, Giving false information respecting an offence committed."
241,BNS Section 241 - Destruction of document or electronic record to prevent its production as evidence.,"B.N.S 241, Destruction of document or electronic record to prevent its production as evidence."
242,BNS Section 242 - False personation for purpose of act or proceeding in suit or prosecution.,"B.N.S 242, False personation for purpose of act or proceeding in suit or prosecution."
244,BNS Section 244 - Fraudulent claim to property to prevent its seizure as forfeited or in execution.,"B.N.S 244, Fraudulent claim to property to prevent its seizure as forfeited or in execution."
243,BNS Section 243 - Fraudulent removal or concealment of property to prevent its seizure as forfeited or in execution.,"B.N.S 243, Fraudulent removal or concealment of property to prevent its seizure as forfeited or in execution."
245,BNS Section 245 - Fraudulently suffering decree for sum not due.,"B.N.S 245, Fraudulently suffering decree for sum not due."
249,BNS Section 249 - Harbouring offender.,"B.N.S 249, Harbouring offender."
246,BNS Section 246 - Dishonestly making false claim in Court.,"B.N.S 246, Dishonestly making false claim in Court."
247,BNS Section 247 - Fraudulently obtaining decree for sum not due.,"B.N.S 247, Fraudulently obtaining decree for sum not due."
248,BNS Section 248 - False charge of offence made with intent to injure.,"B.N.S 248, False charge of offence made with intent to injure."
250,"BNS Section 250 - Taking gift, etc., to screen an offender from punishment.","B.N.S 250, Taking gift, etc., to screen an offender from punishment."
251,BNS Section 251 - Offering gift or restoration of property in consideration of screening offender.,"B.N.S 251, Offering gift or restoration of property in consideration of screening offender."
252,"BNS Section 252 - Taking gift to help to recover stolen property, etc.","B.N.S 252, Taking gift to help to recover stolen property, etc."
254,BNS Section 254 - Penalty for harbouring robbers or dacoits.,"B.N.S 254, Penalty for harbouring robbers or dacoits."
253,BNS Section 253 - Harbouring offender who has escaped from custody or whose apprehension has been ordered.,"B.N.S 253, Harbouring offender who has escaped from custody or whose apprehension has been ordered."
255,BNS Section 255 - Public servant disobeying direction of law with intent to save person from punishment or property from forfeiture.,"B.N.S 255, Public servant disobeying direction of law with intent to save person from punishment or property from forfeiture."
259,BNS Section 259 - Intentional omission to apprehend on the part of public servant bound to apprehend.,"B.N.S 259, Intentional omission to apprehend on the part of public servant bound to apprehend."
257,"BNS Section 257 - Public servant in judicial proceeding corruptly making report, etc., contrary to law.","B.N.S 257, Public servant in judicial proceeding corruptly making report, etc., contrary to law."
256,BNS Section 256 - Public servant framing incorrect record or writing with intent to save person from punishment or property from forfeiture.,"B.N.S 256, Public servant framing incorrect record or writing with intent to save person from punishment or property from forfeiture."
258,BNS Section 258 - Commitment for trial or confinement by person having authority who knows that he is acting contrary to law.,"B.N.S 258, Commitment for trial or confinement by person having authority who knows that he is acting contrary to law."
260,BNS Section 260 - Intentional omission to apprehend on the part of public servant bound to apprehend person under sentence or lawfully committed.,"B.N.S 260, Intentional omission to apprehend on the part of public servant bound to apprehend person under sentence or lawfully committed."
261,BNS Section 261 - Escape from confinement or custody negligently suffered by public servant.,"B.N.S 261, Escape from confinement or custody negligently suffered by public servant."
262,BNS Section 262 - Resistance or obstruction by a person to his lawful apprehension.,"B.N.S 262, Resistance or obstruction by a person to his lawful apprehension."
263,BNS Section 263 - Resistance or obstruction to lawful apprehension of another person.,"B.N.S 263, Resistance or obstruction to lawful apprehension of another person."
264,"BNS Section 264 - Omission to apprehend, or sufferance of escape, on part of public servant, in cases not otherwise, provided for.","B.N.S 264, Omission to apprehend, or sufferance of escape, on part of public servant, in cases not otherwise, provided for."
265,BNS Section 265 - Resistance or obstruction to lawful apprehension or escape or rescue in cases not otherwise provided for.,"B.N.S 265, Resistance or obstruction to lawful apprehension or escape or rescue in cases not otherwise provided for."
266,BNS Section 266 - Violation of condition of remission of punishment.,"B.N.S 266, Violation of condition of remission of punishment."
267,BNS Section 267 - Intentional insult or interruption to public servant sitting in judicial proceeding.,"B.N.S 267, Intentional insult or interruption to public servant sitting in judicial proceeding."
268,BNS Section 268 - Personation of an assessor.,"B.N.S 268, Personation of an assessor."
269,BNS Section 269 - Failure by person released on bail or bond to appear in court.,"B.N.S 269, Failure by person released on bail or bond to appear in court."
270,BNS Section 270 - Public nuisance.,"B.N.S 270, Public nuisance."
271,BNS Section 271 - Negligent act likely to spread infection of disease dangerous to life.,"B.N.S 271, Negligent act likely to spread infection of disease dangerous to life."
272,BNS Section 272 - Malignant act likely to spread infection of disease dangerous to life.,"B.N.S 272, Malignant act likely to spread infection of disease dangerous to life."
273,BNS Section 273 - Disobedience to quarantine rule.,"B.N.S 273, Disobedience to quarantine rule."
274,BNS Section 274 - Adulteration of food or drink intended for sale.,"B.N.S 274, Adulteration of food or drink intended for sale."
275,BNS Section 275 - Sale of noxious food or drink.,"B.N.S 275, Sale of noxious food or drink."
276,BNS Section 276 - Adulteration of drugs.,"B.N.S 276, Adulteration of drugs."
279,BNS Section 279 - Fouling water of public spring or reservoir.,"B.N.S 279, Fouling water of public spring or reservoir."
277,BNS Section 277 - Sale of adulterated drugs.,"B.N.S 277, Sale of adulterated drugs."
278,BNS Section 278 - Sale of drug as a different drug or preparation.,"B.N.S 278, Sale of drug as a different drug or preparation."
280,BNS Section 280 - Making atmosphere noxious to health.,"B.N.S 280, Making atmosphere noxious to health."
281,BNS Section 281 - Rash driving or riding on a public way.,"B.N.S 281, Rash driving or riding on a public way."
282,BNS Section 282 - Rash navigation of vessel.,"B.N.S 282, Rash navigation of vessel."
283,"BNS Section 283 - Exhibition of false light, mark or buoy.","B.N.S 283, Exhibition of false light, mark or buoy."
284,BNS Section 284 - Conveying person by water for hire in unsafe or overloaded vessel.,"B.N.S 284, Conveying person by water for hire in unsafe or overloaded vessel."
285,BNS Section 285 - Danger or obstruction in public way or line of navigation.,"B.N.S 285, Danger or obstruction in public way or line of navigation."
286,BNS Section 286 - Negligent conduct with respect to poisonous substance.,"B.N.S 286, Negligent conduct with respect to poisonous substance."
287,BNS Section 287 - Negligent conduct with respect to fire or combustible matter.,"B.N.S 287, Negligent conduct with respect to fire or combustible matter."
289,BNS Section 289 - Negligent conduct with respect to machinery.,"B.N.S 289, Negligent conduct with respect to machinery."
288,BNS Section 288 - Negligent conduct with respect to explosive substance.,"B.N.S 288, Negligent conduct with respect to explosive substance."
290,"BNS Section 290 - Negligent conduct with respect to pulling down, repairing or constructing buildings etc.","B.N.S 290, Negligent conduct with respect to pulling down, repairing or constructing buildings etc."
291,BNS Section 291 - Negligent conduct with respect to animal.,"B.N.S 291, Negligent conduct with respect to animal."
292,BNS Section 292 - Punishment for public nuisance in cases not otherwise provided for.,"B.N.S 292, Punishment for public nuisance in cases not otherwise provided for."
293,BNS Section 293 - Continuance of nuisance after injunction to discontinue.,"B.N.S 293, Continuance of nuisance after injunction to discontinue."
294,"BNS Section 294 - Sale, etc., of obscene books, etc.","B.N.S 294, Sale, etc., of obscene books, etc."
295,"BNS Section 295 - Sale, etc., of obscene objects to child.","B.N.S 295, Sale, etc., of obscene objects to child."
296,BNS Section 296 - Obscene acts and songs.,"B.N.S 296, Obscene acts and songs."
297,BNS Section 297 - Keeping lottery office.,"B.N.S 297, Keeping lottery office."
299,"BNS Section 299 - Deliberate and malicious acts, intended to outrage religious feelings of any class by insulting its religion or religious beliefs.","B.N.S 299, Deliberate and malicious acts, intended to outrage religious feelings of any class by insulting its religion or religious beliefs."
298,"BNS Section 298 - Injuring or defiling place of worship, with intent to insult the religion of any class.","B.N.S 298, Injuring or defiling place of worship, with intent to insult the religion of any class."
300,BNS Section 300 - Disturbing religious assembly.,"B.N.S 300, Disturbing religious assembly."
301,"BNS Section 301 - Trespassing on burial places, etc.","B.N.S 301, Trespassing on burial places, etc."
302,"BNS Section 302 - Uttering words, etc., with deliberate intent to wound religious feelings of any person.","B.N.S 302, Uttering words, etc., with deliberate intent to wound religious feelings of any person."
303,BNS Section 303 - Theft.,"B.N.S 303, Theft."
304,BNS Section 304 - Snatching.,"B.N.S 304, Snatching."
305,"BNS Section 305 - Theft in a dwelling house, or means of transportation or place of worship, etc.","B.N.S 305, Theft in a dwelling house, or means of transportation or place of worship, etc."
306,BNS Section 306 - Theft by clerk or servant of property in possession of master.,"B.N.S 306, Theft by clerk or servant of property in possession of master."
307,"BNS Section 307 - Theft after preparation made for causing death, hurt or restraint in order to the committing of theft.","B.N.S 307, Theft after preparation made for causing death, hurt or restraint in order to the committing of theft."
309,BNS Section 309 - Robbery.,"B.N.S 309, Robbery."
308,BNS Section 308 - Extortion.,"B.N.S 308, Extortion."
310,BNS Section 310 - Dacoity.,"B.N.S 310, Dacoity."
311,"BNS Section 311 - Robbery, or dacoity, with attempt to cause death or grievous hurt.","B.N.S 311, Robbery, or dacoity, with attempt to cause death or grievous hurt."
312,BNS Section 312 - Attempt to commit robbery or dacoity when armed with deadly weapon.,"B.N.S 312, Attempt to commit robbery or dacoity when armed with deadly weapon."
314,BNS Section 314 - Dishonest misappropriation of property.,"B.N.S 314, Dishonest misappropriation of property."
313,"BNS Section 313 - Punishment for belonging to gang of robbers, etc.","B.N.S 313, Punishment for belonging to gang of robbers, etc."
315,BNS Section 315 - Dishonest misappropriation of property possessed by deceased person at the time of his death.,"B.N.S 315, Dishonest misappropriation of property possessed by deceased person at the time of his death."
316,BNS Section 316 - Criminal breach of trust.,"B.N.S 316, Criminal breach of trust."
317,BNS Section 317 - Stolen property.,"B.N.S 317, Stolen property."
319,BNS Section 319 - Cheating by personation.,"B.N.S 319, Cheating by personation."
318,BNS Section 318 - Cheating.,"B.N.S 318, Cheating."
320,BNS Section 320 - Dishonest or fraudulent removal or concealment of property to prevent distribution among creditors.,"B.N.S 320, Dishonest or fraudulent removal or concealment of property to prevent distribution among creditors."
321,BNS Section 321 - Dishonestly or fraudulently preventing debt being available for creditors.,"B.N.S 321, Dishonestly or fraudulently preventing debt being available for creditors."
323,BNS Section 323 - Dishonest or fraudulent removal or concealment of property.,"B.N.S 323, Dishonest or fraudulent removal or concealment of property."
324,BNS Section 324 - Mischief.,"B.N.S 324, Mischief."
322,BNS Section 322 - Dishonest or fraudulent execution of deed of transfer containing false statement of consideration.,"B.N.S 322, Dishonest or fraudulent execution of deed of transfer containing false statement of consideration."
325,BNS Section 325 - Mischief by killing or maiming animal.,"B.N.S 325, Mischief by killing or maiming animal."
326,"BNS Section 326 - Mischief by injury, inundation, fire or explosive substance, etc.","B.N.S 326, Mischief by injury, inundation, fire or explosive substance, etc."
327,"BNS Section 327 - Mischief with intent to destroy or make unsafe a rail, aircraft, decked vessel or one of twenty tons burden.","B.N.S 327, Mischief with intent to destroy or make unsafe a rail, aircraft, decked vessel or one of twenty tons burden."
328,"BNS Section 328 - Punishment for intentionally running vessel aground or ashore with intent to commit theft, etc.","B.N.S 328, Punishment for intentionally running vessel aground or ashore with intent to commit theft, etc."
329,BNS Section 329 - Criminal trespass and house-trespass.,"B.N.S 329, Criminal trespass and house-trespass."
330,BNS Section 330 - House-trespass and house-breaking.,"B.N.S 330, House-trespass and house-breaking."
331,BNS Section 331 - Punishment for house-trespass or house breaking.,"B.N.S 331, Punishment for house-trespass or house breaking."
334,BNS Section 334 - Dishonestly breaking open receptacle containing property.,"B.N.S 334, Dishonestly breaking open receptacle containing property."
333,"BNS Section 333 - House-trespass after preparation for hurt, assault or wrongful restraint.","B.N.S 333, House-trespass after preparation for hurt, assault or wrongful restraint."
332,BNS Section 332 - House-trespass in order to commit offence.,"B.N.S 332, House-trespass in order to commit offence."
335,BNS Section 335 - Making a false document.,"B.N.S 335, Making a false document."
336,BNS Section 336 - Forgery.,"B.N.S 336, Forgery."
339,"BNS Section 339 - Having possession of document described in section 337 or 338, knowing it to be forged and intending to use it as genuine.","B.N.S 339, Having possession of document described in section 337 or 338, knowing it to be forged and intending to use it as genuine."
337,"BNS Section 337 - Forgery of record of Court or of public register, etc.","B.N.S 337, Forgery of record of Court or of public register, etc."
338,"BNS Section 338 - Forgery of valuable security, will, etc.","B.N.S 338, Forgery of valuable security, will, etc."
340,BNS Section 340 - Forged document or electronic record and using it as genuine.,"B.N.S 340, Forged document or electronic record and using it as genuine."
341,"BNS Section 341 - Making or possessing counterfeit seal, etc., with intent to commit forgery punishable under section 338.","B.N.S 341, Making or possessing counterfeit seal, etc., with intent to commit forgery punishable under section 338."
342,"BNS Section 342 - Counterfeiting device or mark used for authenticating documents described in section 338, or possessing counterfeit marked material.","B.N.S 342, Counterfeiting device or mark used for authenticating documents described in section 338, or possessing counterfeit marked material."
344,BNS Section 344 - Falsification of accounts.,"B.N.S 344, Falsification of accounts."
343,"BNS Section 343 - Fraudulent cancellation, destruction, etc., of will, authority to adopt, or valuable security.","B.N.S 343, Fraudulent cancellation, destruction, etc., of will, authority to adopt, or valuable security."
345,BNS Section 345 - Property mark.,"B.N.S 345, Property mark."
346,BNS Section 346 - Tampering with property mark with intent to cause injury.,"B.N.S 346, Tampering with property mark with intent to cause injury."
347,BNS Section 347 - Counterfeiting a property mark.,"B.N.S 347, Counterfeiting a property mark."
348,BNS Section 348 - Making or possession of any instrument for counterfeiting a property mark.,"B.N.S 348, Making or possession of any instrument for counterfeiting a property mark."
349,BNS Section 349 - Selling goods marked with a counterfeit property mark.,"B.N.S 349, Selling goods marked with a counterfeit property mark."
350,BNS Section 350 - Making a false mark upon any receptacle containing goods.,"B.N.S 350, Making a false mark upon any receptacle containing goods."
351,BNS Section 351 - Criminal intimidation.,"B.N.S 351, Criminal intimidation."
352,BNS Section 352 - Intentional insult with intent to provoke breach of peace.,"B.N.S 352, Intentional insult with intent to provoke breach of peace."
354,BNS Section 354 - Act caused by inducing person to believe that he will be rendered an object of the Divine displeasure.,"B.N.S 354, Act caused by inducing person to believe that he will be rendered an object of the Divine displeasure."
355,BNS Section 355 - Misconduct in public by a drunken person.,"B.N.S 355, Misconduct in public by a drunken person."
356,BNS Section 356 - Defamation.,"B.N.S 356, Defamation."
353,BNS Section 353 - Statements conducing to public mischief.,"B.N.S 353, Statements conducing to public mischief."
357,BNS Section 357 - Breach of contract to attend on and supply wants of helpless person.,"B.N.S 357, Breach of contract to attend on and supply wants of helpless person."
358,BNS Section 358 - Repeal and savings.,"B.N.S 358, Repeal and savings."
