section,top_keywords
1,"[""offence"", ""punishment"", ""section"", ""officer"", ""murder"", ""mutiny"", ""desertion"", ""person"", ""place"", ""date"", ""time"", ""manner"", ""government"", ""citizen"", ""notification"", ""gazette"", ""appointment"", ""law"", ""procedure"", ""criminal""]"
2,"[""offence"", ""judgment"", ""court"", ""evidence"", ""officer"", ""judge"", ""clause"", ""section"", ""matter"", ""duty"", ""right""]"
3,"[""offence"", ""person"", ""murder"", ""death"", ""section"", ""act"", ""intention"", ""effect"", ""omission"", ""knowledge"", ""commission"", ""poison"", ""child"", ""possession"", ""causing"", ""attempt"", ""charge"", ""prisoner"", ""homicide"", ""police""]"
4,"[""imprisonment"", ""life"", ""section"", ""punishment"", ""offender"", ""provision"", ""death"", ""labour"", ""forfeiture"", ""property"", ""community"", ""service"", ""santhia"", ""remainder"", ""person"", ""description"", ""offence"", ""trial"", ""judgment"", ""sentence""]"
5,"[""offence"", ""sentence"", ""section"", ""case"", ""death"", ""offender"", ""power"", ""state"", ""union"", ""explanation"", ""purpose"", ""expression"", ""matter"", ""government""]"
6,"[""Section"", ""Criminal"", ""Procedure"", ""Code"", ""Offense"", ""Investigation"", ""Trial"", ""Evidence"", ""Arrest"", ""Bail"", ""Charge"", ""Sentence"", ""Accused"", ""Court"", ""Jurisdiction"", ""Complaint"", ""Summons"", ""Witness"", ""Plea"", ""Appeal""]"
7,"[""Section"", ""Criminal"", ""Procedure"", ""Code"", ""Offense"", ""Investigation"", ""Trial"", ""Evidence"", ""Arrest"", ""Charge"", ""Bail"", ""Sentencing"", ""Jurisdiction"", ""Complaint"", ""Summons"", ""Witness"", ""Plea"", ""Appeal"", ""Conviction"", ""Acquittal""]"
8,"[""imprisonment"", ""fine"", ""offender"", ""sentence"", ""court"", ""offence"", ""case"", ""liability"", ""property"", ""debt"", ""payment"", ""term"", ""year"", ""month"", ""time"", ""expiration"", ""death"", ""process"", ""maximum"", ""passage""]"
9,"[""offence"", ""punishment"", ""offender"", ""hurt"", ""force"", ""act"", ""court"", ""cause"", ""definition"", ""illustration"", ""stroke"", ""beating"", ""blow"", ""part"", ""stick"", ""time"", ""year""]"
10,"[""Section"", ""Offense"", ""Trial"", ""Evidence"", ""Accused"", ""Charge"", ""Court"", ""Investigation"", ""Arrest"", ""Bail"", ""Sentence"", ""Jurisdiction"", ""Complaint"", ""Witness"", ""Procedure"", ""Punishment"", ""Cognizable"", ""Non-cognizable"", ""Magistrate"", ""Filing""]"
11,"[""imprisonment"", ""term"", ""year"", ""month"", ""time""]"
12,"[""Section"", ""Offense"", ""Investigation"", ""Trial"", ""Evidence"", ""Arrest"", ""Charge"", ""Cognizable"", ""Non-cognizable"", ""Bailable"", ""Non-bailable"", ""Bail"", ""Complaint"", ""Summons"", ""Warrant"", ""Accused"", ""Prosecution"", ""Defendant"", ""Judgment"", ""Sentence""]"
13,"[""Section"", ""Criminal"", ""Procedure"", ""Code"", ""Offense"", ""Investigation"", ""Trial"", ""Evidence"", ""Arrest"", ""Charge"", ""Bail"", ""Cognizable"", ""Non-cognizable"", ""Summons"", ""Warrant"", ""Accused"", ""Complaint"", ""Magistrate"", ""Punishment"", ""Jurisdiction""]"
14,"[""offence"", ""court"", ""officer"", ""person"", ""fact"", ""arrest"", ""enquiry"", ""order"", ""command"", ""fire"", ""mistake"", ""faith"", ""reason"", ""illustration"", ""soldier"", ""conformity"", ""reasoning"", ""procedure"", ""investigation"", ""jurisdiction""]"
15,"[""offence"", ""judge"", ""power"", ""section"", ""trial"", ""accused"", ""court"", ""criminal"", ""procedure"", ""evidence"", ""section 15"", ""jurisdiction"", ""arrest"", ""charge"", ""bail"", ""sentence"", ""appeal"", ""investigation"", ""witness"", ""prosecution""]"
16,"[""judgment"", ""order"", ""court"", ""jurisdiction"", ""offence"", ""person"", ""trial"", ""accused"", ""evidence"", ""procedure"", ""section"", ""section 16"", ""criminal"", ""trial court"", ""appeal"", ""witness"", ""charge"", ""sentence"", ""arrest"", ""bail""]"
17,"[""offence"", ""murder"", ""murderer"", ""self"", ""defence"", ""judgment"", ""power"", ""order"", ""authority"", ""person"", ""fact"", ""reason"", ""mistake"", ""faith"", ""exercise"", ""illustration"", ""law"", ""criminal"", ""procedure"", ""trial""]"
18,"[""offence"", ""intention"", ""knowledge"", ""manner"", ""mean"", ""care"", ""accident"", ""misfortune"", ""caution"", ""illustration"", ""work"", ""hatchet"", ""head"", ""want""]"
19,"[""offence"", ""intention"", ""knowledge"", ""fault"", ""negligence"", ""danger"", ""section"", ""person"", ""case"", ""illustration"", ""captain"", ""property"", ""fire"", ""house"", ""order"", ""conflagration"", ""life"", ""risk"", ""reason"", ""matter""]"
20,"[""offence"", ""section"", ""child"", ""criminal"", ""law"", ""penalty"", ""trial"", ""accused"", ""procedure"", ""evidence"", ""judgment"", ""punishment"", ""investigation"", ""arrest"", ""charge"", ""court"", ""crime"", ""section 20"", ""section 20 of Bhartiya Nyaya Sanhita"", ""legal""]"
21,"[""offence"", ""section"", ""child"", ""maturity"", ""conduct"", ""consequence"", ""understanding"", ""nature"", ""occasion"", ""year""]"
22,"[""offence"", ""section"", ""person"", ""time"", ""reason"", ""illness"", ""nature"", ""criminal"", ""law"", ""procedure"", ""accused"", ""trial"", ""evidence"", ""punishment"", ""jurisdiction"", ""investigation"", ""charge"", ""culpability"", ""defense"", ""prosecution""]"
23,"[""offence"", ""person"", ""time"", ""reason"", ""intoxication"", ""nature"", ""thing"", ""knowledge"", ""culpability"", ""actus reus"", ""mens rea"", ""criminal liability"", ""penalty"", ""trial"", ""evidence"", ""accused"", ""culprit"", ""jurisdiction"", ""prosecution"", ""defense""]"
24,"[""offence"", ""section"", ""intent"", ""person"", ""state"", ""case"", ""knowledge"", ""intoxication"", ""thing""]"
25,"[""harm"", ""doer"", ""death"", ""hurt"", ""offence"", ""person"", ""consent"", ""risk"", ""agreement"", ""course"", ""fencing"", ""play"", ""injury"", ""culpability"", ""liability"", ""mens rea"", ""actus reus"", ""penalty"", ""trial""]"
26,"[""death"", ""harm"", ""offence"", ""doer"", ""benefit"", ""faith"", ""consent"", ""operation"", ""section"", ""reason"", ""person"", ""risk"", ""illustration"", ""surgeon"", ""complaint""]"
27,"[""offence"", ""harm"", ""injury"", ""consent"", ""culpability"", ""doer"", ""attempting"", ""causing"", ""charge"", ""abetment"", ""culpable"", ""criminal"", ""offender"", ""trial"", ""culprit"", ""punishment""]"
28,"[""consent"", ""injury"", ""section"", ""fact"", ""reason"", ""illness"", ""intoxication"", ""nature"", ""context"", ""year"", ""misconception"", ""consequence"", ""person"", ""fear"", ""contrary"", ""santhia"", ""law"", ""criminal"", ""procedure"", ""evidence""]"
29,"[""offence"", ""harm"", ""consent"", ""section"", ""act"", ""person"", ""miscarriage"", ""exception"", ""guardian"", ""causing"", ""life"", ""reason"", ""purpose"", ""woman"", ""faith"", ""behalf"", ""illustration"", ""criminal"", ""procedure"", ""law""]"
30,"[""offence"", ""person"", ""death"", ""consent"", ""hurt"", ""guardian"", ""causing"", ""attempting"", ""purpose"", ""preventing"", ""charge"", ""harm"", ""circumstance"", ""abetment"", ""committing"", ""injury"", ""accident"", ""wound"", ""crime"", ""section""]"
31,"[""offence"", ""harm"", ""death"", ""surgeon"", ""person"", ""reason"", ""consequence"", ""benefit"", ""opinion"", ""communication"", ""faith"", ""shock"", ""patient"", ""illustration"", ""law"", ""procedure"", ""criminal"", ""liability"", ""intent"", ""culpability""]"
32,"[""offence"", ""apprehension"", ""section"", ""murder"", ""death"", ""threat"", ""dacoit"", ""gang"", ""benefit"", ""exception"", ""character"", ""ground"", ""associate"", ""harm"", ""consequence"", ""situation"", ""constraint"", ""reason"", ""example"", ""tool""]"
33,"[""offence"", ""section"", ""harm"", ""person"", ""reason"", ""sense"", ""temper""]"
34,"[""offence"", ""defence"", ""trial"", ""accused"", ""culpability"", ""criminal"", ""procedure"", ""evidence"", ""investigation"", ""arrest"", ""charge"", ""bail"", ""sentencing"", ""culprit"", ""prosecution"", ""witness"", ""jurisdiction"", ""penalty"", ""conviction"", ""appeal""]"
35,"[""offence"", ""theft"", ""robbery"", ""mischief"", ""trespass"", ""section"", ""property"", ""definition"", ""attempt"", ""criminal"", ""law"", ""punishment"", ""trial"", ""evidence"", ""accused"", ""culprit"", ""jurisdiction"", ""penalty"", ""investigation"", ""procedure""]"
36,"[""offence"", ""person"", ""defence"", ""right"", ""illness"", ""house"", ""youth"", ""maturity"", ""understanding"", ""intoxication"", ""influence"", ""attack"", ""breaker"", ""enter"", ""night"", ""faith"", ""misconception"", ""reason"", ""want"", ""illustration""]"
37,"[""defence"", ""servant"", ""person"", ""right"", ""authority"", ""apprehension"", ""death"", ""hurt"", ""office"", ""case"", ""explanation"", ""reason"", ""protection"", ""harm"", ""purpose"", ""writing"", ""direction"", ""inflicting"", ""faith"", ""colour""]"
38,"[""assault"", ""intention"", ""apprehension"", ""consequence"", ""section"", ""right"", ""death"", ""hurt"", ""defence"", ""body"", ""causing"", ""harm"", ""offence"", ""rape"", ""kidnapping"", ""person"", ""circumstance"", ""authority"", ""attempt"", ""administer""]"
39,"[""section"", ""causing"", ""death"", ""assailant"", ""offence"", ""description"", ""right"", ""defence"", ""body"", ""restriction"", ""harm""]"
40,"[""offence"", ""apprehension"", ""danger"", ""threat"", ""right"", ""defence"", ""attempt"", ""commence"", ""body""]"
41,"[""offence"", ""robbery"", ""theft"", ""mischief"", ""breaking"", ""causing"", ""hurt"", ""death"", ""property"", ""duty"", ""restriction"", ""section"", ""exercise"", ""doer"", ""committing"", ""attempting"", ""custody"", ""harm"", ""fire"", ""vessel""]"
42,"[""offence"", ""causing"", ""death"", ""attempting"", ""theft"", ""mischief"", ""trespass"", ""harm"", ""restriction"", ""doer"", ""exercise"", ""right"", ""defence"", ""section"", ""description"", ""committing"", ""offences"", ""criminal"", ""law"", ""penalty""]"
43,"[""offender"", ""trespass"", ""house"", ""death"", ""restraint"", ""mischief"", ""breaking"", ""right"", ""defence"", ""apprehension"", ""danger"", ""theft"", ""retreat"", ""assistance"", ""authority"", ""robbery"", ""person"", ""hurt"", ""commission"", ""fear""]"
44,"[""defence"", ""assault"", ""offence"", ""apprehension"", ""harm"", ""death"", ""person"", ""risk"", ""child"", ""exercise"", ""right"", ""defender"", ""danger"", ""criminal"", ""law"", ""procedure"", ""investigation"", ""arrest"", ""charge"", ""trial""]"
45,"[""person"", ""commission"", ""conspiracy"", ""order"", ""fact"", ""procure"", ""aid"", ""misrepresentation"", ""concealment"", ""cause"", ""officer"", ""warrant"", ""court"", ""abet"", ""instigation"", ""apprehension"", ""time"", ""pursuance"", ""explanation"", ""place""]"
46,"[""offence"", ""person"", ""abetment"", ""punishment"", ""murder"", ""theft"", ""property"", ""poison"", ""conspiracy"", ""child"", ""fire"", ""possession"", ""plan"", ""stab"", ""recover"", ""wound"", ""death"", ""administer"", ""section"", ""instigation""]"
47,"[""offence"", ""murder"", ""person"", ""commission"", ""foreigner"", ""criminal"", ""trial"", ""punishment"", ""law"", ""section"", ""section 47"", ""criminal liability"", ""culpability"", ""procedure"", ""investigation"", ""evidence"", ""accused"", ""prosecution"", ""defense"", ""judgment""]"
48,"[""murder"", ""section"", ""criminal"", ""offense"", ""penalty"", ""trial"", ""evidence"", ""accused"", ""court"", ""law"", ""punishment"", ""investigation"", ""charge"", ""culpability"", ""jurisdiction"", ""procedure"", ""prosecution"", ""defense"", ""conviction"", ""sentence""]"
49,"[""offence"", ""abetment"", ""punishment"", ""conspiracy"", ""instigation"", ""murder"", ""evidence"", ""provision"", ""santhia"", ""explanation"", ""illustration"", ""conspire"", ""order"", ""absence"", ""death"", ""poison"", ""pursuance"", ""consequence""]"
50,"[""offence"", ""intention"", ""knowledge"", ""abettor"", ""commission"", ""person"", ""punishment"", ""culpability"", ""mens rea"", ""actus reus"", ""criminal liability"", ""trial"", ""accused"", ""judgment"", ""sentence"", ""criminal act"", ""prosecution"", ""defense"", ""evidence"", ""conviction""]"
51,"[""abetment"", ""murder"", ""theft"", ""robbery"", ""conspiracy"", ""punishment"", ""fire"", ""poison"", ""property"", ""inmate"", ""circumstance"", ""manner"", ""influence"", ""pursuance"", ""instigation"", ""food"", ""arm"", ""midnight"", ""child""]"
52,"[""offence"", ""punishment"", ""abettor"", ""section"", ""illustration"", ""force"", ""servant"", ""consequence"", ""resistance"", ""officer""]"
53,"[""murder"", ""death"", ""punishment"", ""intention"", ""effect"", ""consequence"", ""hurt"", ""instigation"", ""abetment"", ""abettor"", ""manner"", ""extent"", ""illustration"", ""law"", ""criminal"", ""offense"", ""culpability"", ""liability"", ""trial"", ""penalty""]"
54,"[""offence"", ""person"", ""abettor"", ""abetment"", ""criminal"", ""trial"", ""punishment"", ""culprit"", ""accused"", ""charge"", ""evidence"", ""prosecution"", ""defense"", ""judgment"", ""conviction"", ""sentence"", ""law"", ""section"", ""section 54"", ""criminal liability""]"
55,"[""imprisonment"", ""abetment"", ""offence"", ""punishment"", ""fine"", ""death"", ""life"", ""murder"", ""hurt"", ""commission"", ""provision"", ""santhia"", ""person"", ""illustration"", ""term"", ""year"", ""consequence"", ""description"", ""abettor"", ""criminal""]"
56,"[""offence"", ""robbery"", ""imprisonment"", ""fine"", ""abetment"", ""evidence"", ""police"", ""officer"", ""punishment"", ""section"", ""provision"", ""santhia"", ""person"", ""servant"", ""consequence"", ""duty"", ""commission"", ""description"", ""illustration"", ""abettor""]"
57,"[""offence"", ""place"", ""member"", ""commission"", ""public"", ""number"", ""person"", ""imprisonment"", ""description"", ""term"", ""year"", ""illustration"", ""affix"", ""placard"", ""time"", ""purpose"", ""procession"", ""section"", ""classification"", ""procedure""]"
58,"[""offence"", ""imprisonment"", ""dacoity"", ""magistrate"", ""death"", ""life"", ""conceal"", ""omission"", ""information"", ""hiding"", ""tool"", ""existence"", ""representation"", ""illustration"", ""place"", ""direction"", ""intent"", ""section"", ""commission"", ""description""]"
59,"[""offence"", ""imprisonment"", ""fine"", ""robbery"", ""duty"", ""conceal"", ""hiding"", ""tool"", ""representation"", ""death"", ""life"", ""year"", ""officer"", ""police"", ""knowledge"", ""intent"", ""punishment"", ""section"", ""commission"", ""omission""]"
60,"[""offence"", ""imprisonment"", ""fine"", ""commission"", ""conceal"", ""omission"", ""existence"", ""representation"", ""description"", ""design"", ""term"", ""fourth"", ""eighth""]"
61,"[""offence"", ""punishment"", ""imprisonment"", ""party"", ""conspiracy"", ""agreement"", ""person"", ""term"", ""provision"", ""explanation"", ""death"", ""life"", ""year"", ""month"", ""manner"", ""description"", ""object"", ""mean"", ""pursuance"", ""santhia""]"
62,"[""theft"", ""attempt"", ""commission"", ""consequence"", ""hand"", ""fail"", ""jewel"", ""pocket"", ""section"", ""illustration""]"
63,"[""consent"", ""rape"", ""penetration"", ""victim"", ""offense"", ""sexual act"", ""witness"", ""evidence"", ""culpability"", ""criminal intent"", ""offender"", ""jurisdiction"", ""procedure"", ""investigation"", ""charge"", ""trial"", ""punishment"", ""defense"", ""culpable""]"
64,"[""rape"", ""imprisonment"", ""police"", ""officer"", ""custody"", ""section"", ""fine"", ""jail"", ""remand"", ""case"", ""station"", ""inmate"", ""guardian"", ""authority"", ""violence"", ""consent"", ""disability"", ""harm"", ""management""]"
65,"[""imprisonment"", ""life"", ""year"", ""fine"", ""rape"", ""woman"", ""term"", ""victim"", ""death"", ""section"", ""triable"", ""court"", ""session"", ""classification"", ""remainder"", ""person"", ""expense"", ""rehabilitation"", ""65(1""]"
66,"[""imprisonment"", ""life"", ""section"", ""death"", ""offence"", ""court"", ""session"", ""triable"", ""person"", ""injury"", ""state"", ""term"", ""classification"", ""woman"", ""year"", ""remainder"", ""course"", ""commission"", ""trial"", ""punishment""]"
67,"[""section"", ""imprisonment"", ""fine"", ""court"", ""complaint"", ""victim"", ""act"", ""clause"", ""classification"", ""decree"", ""separation"", ""consent"", ""description"", ""term"", ""explanation"", ""year"", ""intercourse"", ""wife"", ""session"", ""law""]"
68,"[""section"", ""offence"", ""rape"", ""court"", ""imprisonment"", ""charge"", ""trial"", ""remand"", ""custody"", ""jail"", ""sentence"", ""fine"", ""clause"", ""act"", ""offender"", ""accused"", ""prosecution"", ""defendant"", ""judgment"", ""appeal""]"
69,"[""section"", ""imprisonment"", ""court"", ""session"", ""triable"", ""promotion"", ""inducement"", ""identity"", ""classification"", ""promise"", ""employment"", ""explanation"", ""mean"", ""year""]"
70,"[""imprisonment"", ""offence"", ""rape"", ""victim"", ""court"", ""section"", ""trial"", ""sentence"", ""fine"", ""death"", ""life"", ""remainder"", ""year"", ""term"", ""triable"", ""session"", ""person"", ""woman"", ""group"", ""furtherance""]"
71,"[""imprisonment"", ""life"", ""death"", ""triable"", ""court"", ""session"", ""classification"", ""person"", ""remainder"", ""section""]"
72,"[""offence"", ""imprisonment"", ""police"", ""investigation"", ""charge"", ""magistrate"", ""fine"", ""order"", ""station"", ""victim"", ""authorisation"", ""welfare"", ""institution"", ""organisation"", ""person"", ""identity"", ""publication"", ""officer"", ""government"", ""trial""]"
73,"[""judgment"", ""offence"", ""section"", ""imprisonment"", ""court"", ""magistrate"", ""classification"", ""triable"", ""printing"", ""publication"", ""meaning"", ""explanation"", ""year""]"
74,"[""section"", ""imprisonment"", ""triable"", ""magistrate"", ""criminal"", ""offense"", ""trial"", ""judgment"", ""procedure"", ""evidence"", ""charge"", ""accused"", ""court"", ""punishment"", ""bail"", ""witness"", ""investigation"", ""arrest"", ""complaint"", ""sentence""]"
75,"[""clause"", ""imprisonment"", ""offence"", ""section"", ""term"", ""contact"", ""demand"", ""request"", ""favour"", ""pornography"", ""woman"", ""harassment"", ""classification"", ""triable"", ""court"", ""session"", ""remark"", ""description""]"
76,"[""imprisonment"", ""court"", ""session"", ""triable"", ""classification"", ""section"", ""criminal"", ""trial"", ""offense"", ""judgment"", ""procedure"", ""accused"", ""evidence"", ""charge"", ""witness"", ""appeal"", ""jurisdiction"", ""penalty"", ""arrest"", ""bail""]"
77,"[""victim"", ""section"", ""offence"", ""imprisonment"", ""conviction"", ""court"", ""classification"", ""session"", ""dissemination"", ""voyeurism"", ""privacy"", ""capture"", ""circumstance"", ""purpose"", ""person"", ""place"", ""kind"", ""public"", ""explanation"", ""image""]"
78,"[""woman"", ""conviction"", ""imprisonment"", ""offence"", ""crime"", ""section"", ""fine"", ""magistrate"", ""responsibility"", ""prevention"", ""detection"", ""condition"", ""requirement"", ""person"", ""circumstance"", ""classification"", ""stalking"", ""conduct"", ""description"", ""purpose""]"
79,"[""section"", ""imprisonment"", ""triable"", ""magistrate"", ""classification"", ""trial"", ""offense"", ""penalty"", ""judgment"", ""court"", ""criminal"", ""procedure"", ""accused"", ""evidence"", ""charge"", ""section 79"", ""bns"", ""jurisdiction"", ""sentencing""]"
80,"[""death"", ""imprisonment"", ""section"", ""life"", ""woman"", ""burn"", ""injury"", ""marriage"", ""cruelty"", ""harassment"", ""demand"", ""prohibition"", ""classification"", ""triable"", ""court"", ""session"", ""dowry"", ""husband"", ""relative"", ""meaning""]"
81,"[""imprisonment"", ""magistrate"", ""classification"", ""year"", ""section 81"", ""criminal law"", ""procedure"", ""penalty"", ""offense"", ""trial"", ""judgment"", ""sentence"", ""arrest"", ""detention"", ""charge"", ""evidence"", ""witness"", ""appeal"", ""jurisdiction"", ""law""]"
82,"[""offence"", ""section"", ""court"", ""magistrate"", ""imprisonment"", ""fine"", ""jurisdiction"", ""trial"", ""case"", ""classification"", ""reason"", ""fact"", ""time"", ""place"", ""life"", ""person"", ""husband"", ""wife"", ""taking"", ""exception""]"
83,"[""section"", ""classification"", ""imprisonment"", ""magistrate"", ""trial"", ""offense"", ""punishment"", ""judgment"", ""charge"", ""evidence"", ""procedure"", ""accused"", ""court"", ""criminal"", ""section 83"", ""bail"", ""witness"", ""sentence"", ""appeal"", ""jurisdiction""]"
84,"[""section"", ""classification"", ""imprisonment"", ""year"", ""triable"", ""magistrate""]"
85,"[""offence"", ""person"", ""classification"", ""imprisonment"", ""information"", ""commission"", ""officer"", ""charge"", ""police"", ""station"", ""magistrate"", ""blood"", ""marriage"", ""adoption"", ""relative"", ""servant"", ""category"", ""state"", ""government"", ""behalf""]"
86,"[""harassment"", ""cruelty"", ""injury"", ""danger"", ""suicide"", ""property"", ""security"", ""life"", ""limb"", ""health"", ""conduct"", ""demand"", ""section"", ""purpose"", ""view"", ""person"", ""failure"", ""account"", ""nature"", ""woman""]"
87,"[""classification"", ""imprisonment"", ""year"", ""triable"", ""court"", ""session""]"
88,"[""imprisonment"", ""woman"", ""section"", ""classification"", ""miscarriage"", ""child"", ""triable"", ""consent"", ""life"", ""offence"", ""magistrate"", ""class"", ""description"", ""term"", ""fine"", ""court"", ""session"", ""meaning"", ""explanation""]"
89,"[""imprisonment"", ""classification"", ""life"", ""year"", ""triable"", ""court"", ""session"", ""offense"", ""punishment"", ""trial"", ""judgment"", ""section"", ""criminal"", ""procedure"", ""accused"", ""evidence"", ""sentence"", ""appeal"", ""jurisdiction"", ""witness""]"
90,"[""imprisonment"", ""death"", ""section"", ""life"", ""intent"", ""miscarriage"", ""description"", ""term"", ""fine"", ""consent"", ""punishment"", ""offence"", ""offender"", ""classification"", ""triable"", ""court"", ""session"", ""woman"", ""child""]"
91,"[""classification"", ""imprisonment"", ""year"", ""triable"", ""court"", ""session"", ""offense"", ""trial"", ""procedure"", ""judgment"", ""accused"", ""evidence"", ""charge"", ""witness"", ""sentence"", ""appeal"", ""jurisdiction"", ""prosecution"", ""defense"", ""conviction""]"
92,"[""homicide"", ""offence"", ""imprisonment"", ""court"", ""session"", ""classification"", ""triable"", ""section"", ""death"", ""woman"", ""child"", ""illustration"", ""year""]"
93,"[""trial"", ""offender"", ""murder"", ""homicide"", ""case"", ""imprisonment"", ""magistrate"", ""classification"", ""section"", ""explanation"", ""child"", ""consequence"", ""exposure"", ""year""]"
94,"[""classification"", ""imprisonment"", ""magistrate"", ""year"", ""class""]"
95,"[""offence"", ""section"", ""imprisonment"", ""fine"", ""punishment"", ""magistrate"", ""classification"", ""exploitation"", ""child"", ""pornography"", ""meaning"", ""explanation"", ""hiring"", ""year"", ""crime"", ""criminal"", ""trial"", ""judgment"", ""penalty"", ""law""]"
96,"[""classification"", ""imprisonment"", ""year"", ""triable"", ""court"", ""session""]"
97,"[""classification"", ""imprisonment"", ""year"", ""magistrate"", ""class""]"
98,"[""section"", ""imprisonment"", ""court"", ""session"", ""shall"", ""purpose"", ""relation"", ""classification"", ""contrary"", ""intent"", ""prostitution"", ""union"", ""marriage"", ""female"", ""hire"", ""prostitute"", ""brothel"", ""person"", ""community"", ""explanation""]"
99,"[""possession"", ""prostitution"", ""brothel"", ""intercourse"", ""section"", ""imprisonment"", ""court"", ""session"", ""person"", ""classification"", ""intent"", ""purpose"", ""meaning"", ""contrary"", ""female"", ""prostitute"", ""criminal"", ""trial"", ""offense"", ""law""]"
100,"[""offence"", ""homicide"", ""intention"", ""injury"", ""knowledge"", ""fire"", ""lay"", ""stick"", ""turf"", ""ground"", ""fowl"", ""intent"", ""explanation"", ""person"", ""disorder"", ""disease"", ""death"", ""illustration"", ""bush"", ""law""]"
101,"[""murder"", ""homicide"", ""injury"", ""offender"", ""defence"", ""intent"", ""provocation"", ""exception"", ""power"", ""right"", ""passion"", ""consequence"", ""harm"", ""child"", ""case"", ""risk"", ""shoot"", ""disease"", ""accident"", ""wound""]"
102,"[""homicide"", ""offender"", ""death"", ""person"", ""description""]"
103,"[""imprisonment"", ""death"", ""life"", ""murder"", ""fine"", ""court"", ""session"", ""triable"", ""person"", ""classification"", ""member"", ""ground"", ""place"", ""race"", ""caste"", ""community"", ""birth"", ""language"", ""belief"", ""term""]"
104,"[""imprisonment"", ""death"", ""sentence"", ""murder"", ""court"", ""session"", ""triable"", ""person"", ""classification"", ""remainder"", ""life""]"
105,"[""homicide"", ""imprisonment"", ""death"", ""life"", ""fine"", ""injury"", ""court"", ""session"", ""classification"", ""term"", ""triable"", ""knowledge"", ""description"", ""year"", ""intention"", ""criminal"", ""procedure"", ""trial"", ""punishment"", ""offense""]"
106,"[""imprisonment"", ""death"", ""fine"", ""magistrate"", ""homicide"", ""register"", ""driving"", ""negligence"", ""procedure"", ""section"", ""qualification"", ""escape"", ""police"", ""officer"", ""incident"", ""classification"", ""rash"", ""escaping"", ""practitioner"", ""purpose""]"
107,"[""imprisonment"", ""death"", ""life"", ""fine"", ""court"", ""session"", ""triable"", ""commission"", ""term"", ""classification"", ""state"", ""person"", ""illness"", ""suicide"", ""year"", ""intoxication"", ""law"", ""procedure"", ""trial"", ""penalty""]"
108,"[""imprisonment"", ""court"", ""session"", ""fine"", ""triable"", ""person"", ""commission"", ""term"", ""classification"", ""description"", ""year"", ""suicide""]"
109,"[""imprisonment"", ""death"", ""offence"", ""punishment"", ""murder"", ""attempt"", ""sentence"", ""fine"", ""offender"", ""convict"", ""court"", ""trial"", ""wound"", ""fire"", ""shoot"", ""poison"", ""knowledge"", ""classification"", ""penalty""]"
110,"[""imprisonment"", ""homicide"", ""section"", ""death"", ""offence"", ""classification"", ""attempt"", ""court"", ""session"", ""provocation"", ""pistol"", ""triable"", ""person"", ""intention"", ""knowledge"", ""circumstance"", ""grave"", ""term"", ""description"", ""illustration""]"
111,"[""crime"", ""offence"", ""imprisonment"", ""fine"", ""section"", ""court"", ""property"", ""trafficking"", ""kidnapping"", ""robbery"", ""theft"", ""extortion"", ""land grabbing"", ""contract"", ""killing"", ""cyber"", ""drug"", ""weapon"", ""prostitution"", ""ransom""]"
112,"[""theft"", ""crime"", ""imprisonment"", ""property"", ""offence"", ""section"", ""fine"", ""magistrate"", ""gang"", ""snatching"", ""shoplifting"", ""pick pocketing"", ""cargo"", ""selling"", ""attempt"", ""system"", ""classification"", ""region"", ""period"", ""law""]"
113,"[""offence"", ""imprisonment"", ""terrorism"", ""death"", ""fine"", ""weapon"", ""firearm"", ""bomb"", ""poison"", ""gas"", ""damage"", ""destruction"", ""property"", ""section"", ""act"", ""group"", ""organisation"", ""commission"", ""attempt"", ""case""]"
114,"[""Section"", ""Criminal"", ""Procedure"", ""Code"", ""Indian"", ""Law"", ""Offense"", ""Investigation"", ""Trial"", ""Evidence"", ""Arrest"", ""Bail"", ""Charge"", ""Cognizable"", ""Non-cognizable"", ""Magistrate"", ""Police"", ""Accused"", ""Prosecution"", ""Sentence""]"
115,"[""section"", ""hurt"", ""person"", ""imprisonment"", ""fine"", ""term"", ""case"", ""knowledge"", ""intention"", ""description"", ""rupee"", ""year""]"
116,"[""hurt"", ""life"", ""pain"", ""destruction"", ""disfigurement"", ""fracture"", ""dislocation"", ""bone"", ""tooth"", ""emasculation"", ""impairing"", ""sight"", ""hearing"", ""member"", ""head"", ""face"", ""power"", ""sufferer"", ""pursuit"", ""day""]"
117,"[""offence"", ""imprisonment"", ""fine"", ""section"", ""case"", ""disability"", ""life"", ""punishment"", ""trial"", ""criminal"", ""law"", ""procedure"", ""charge"", ""evidence"", ""court"", ""sentence"", ""accused"", ""culpability"", ""penalty"", ""jurisdiction""]"
118,"[""section"", ""offence"", ""imprisonment"", ""fine"", ""death"", ""weapon"", ""fire"", ""poison"", ""body"", ""hurt"", ""life"", ""case"", ""instrument"", ""description"", ""term"", ""shooting"", ""cutting"", ""blood"", ""inhale"", ""rupee""]"
119,"[""offence"", ""imprisonment"", ""fine"", ""property"", ""security"", ""life"", ""term"", ""section"", ""subsection"", ""commission"", ""sufferer"", ""hurt"", ""person"", ""description"", ""purpose"", ""year"", ""punishment"", ""trial"", ""judgment"", ""sentence""]"
120,"[""offence"", ""section"", ""officer"", ""torture"", ""person"", ""information"", ""restoration"", ""security"", ""imprisonment"", ""fine"", ""police"", ""order"", ""confession"", ""detection"", ""crime"", ""misconduct"", ""claim"", ""demand"", ""hurt"", ""arrest""]"
121,"[""servant"", ""person"", ""duty"", ""discharge"", ""intent"", ""consequence"", ""imprisonment"", ""description"", ""term"", ""hurt"", ""fine"", ""criminal"", ""offense"", ""liability"", ""punishment"", ""trial"", ""accused"", ""evidence"", ""culpability"", ""penalty""]"
122,"[""provocation"", ""person"", ""grave"", ""imprisonment"", ""section"", ""fine"", ""rupee"", ""term"", ""month"", ""year"", ""hurt"", ""provision"", ""exception"", ""criminal"", ""offense"", ""trial"", ""punishment"", ""law"", ""penalty"", ""judgment""]"
123,"[""classification"", ""imprisonment"", ""year"", ""triable"", ""court"", ""session""]"
124,"[""injury"", ""damage"", ""disfigurement"", ""maim"", ""hurt"", ""burn"", ""acid"", ""victim"", ""imprisonment"", ""fine"", ""section"", ""purpose"", ""intention"", ""treatment"", ""life"", ""disfigure"", ""disable"", ""part"", ""body"", ""scar""]"
125,"[""imprisonment"", ""fine"", ""term"", ""month"", ""year"", ""rupee"", ""description"", ""hurt""]"
126,"[""offence"", ""imprisonment"", ""section"", ""fine"", ""rupee"", ""land"", ""water"", ""meaning"", ""exception"", ""obstruction"", ""person"", ""right"", ""faith"", ""path"", ""direction"", ""term"", ""month"", ""illustration"", ""penalty"", ""law""]"
127,"[""imprisonment"", ""fine"", ""confiscation"", ""offence"", ""punishment"", ""writ"", ""section"", ""chapter"", ""proceeding"", ""confession"", ""detection"", ""misconduct"", ""claim"", ""demand"", ""restoration"", ""security"", ""property"", ""liability"", ""culpability"", ""culprit""]"
128,"[""person"", ""power"", ""substance"", ""place"", ""animal"", ""motion"", ""change"", ""cessation"", ""manner"", ""way""]"
129,"[""offence"", ""section"", ""action"", ""commission"", ""injury"", ""force"", ""consent"", ""fear"", ""manner"", ""throwing"", ""effect"", ""change"", ""punishment"", ""trial"", ""evidence"", ""culpability"", ""liability"", ""criminal"", ""procedure"", ""law""]"
130,"[""assault"", ""beating"", ""case"", ""circumstance"", ""gesture"", ""meaning"", ""muzzle"", ""person"", ""preparation"", ""explanation"", ""stick"", ""word""]"
131,"[""offence"", ""punishment"", ""section"", ""offender"", ""defence"", ""imprisonment"", ""fine"", ""magistrate"", ""triable"", ""power"", ""right"", ""question"", ""fact"", ""classification"", ""excuse"", ""provocation"", ""servant"", ""exercise"", ""explanation"", ""grave""]"
132,"[""classification"", ""imprisonment"", ""year"", ""triable"", ""magistrate""]"
133,"[""classification"", ""imprisonment"", ""year"", ""triable"", ""magistrate""]"
134,"[""imprisonment"", ""classification"", ""magistrate"", ""triable"", ""section 134"", ""criminal law"", ""procedure"", ""offense"", ""trial"", ""judgment"", ""sentence"", ""arrest"", ""charge"", ""bail"", ""warrant"", ""evidence"", ""accused"", ""culpability"", ""penalty"", ""prosecution""]"
135,"[""classification"", ""imprisonment"", ""fine"", ""rupee"", ""triable"", ""magistrate"", ""section"", ""offense"", ""punishment"", ""trial"", ""criminal"", ""court"", ""judgment"", ""accused"", ""evidence"", ""charge"", ""procedure"", ""sentence"", ""appeal"", ""jurisdiction""]"
136,"[""section"", ""classification"", ""imprisonment"", ""fine"", ""triable"", ""magistrate"", ""rupee"", ""explanation"", ""criminal"", ""offense"", ""trial"", ""judgment"", ""punishment"", ""court"", ""accused"", ""procedure"", ""evidence"", ""charge"", ""bail"", ""sentence""]"
137,"[""kidnapping"", ""guardianship"", ""custody"", ""imprisonment"", ""section"", ""guardian"", ""fines"", ""magistrate"", ""clause"", ""classification"", ""purpose"", ""explanation"", ""term"", ""limit"", ""keeping"", ""person"", ""child"", ""father"", ""care"", ""behalf""]"
138,"[""Section 138"", ""cheque bounce"", ""dishonour of cheque"", ""banking offence"", ""penal provision"", ""criminal liability"", ""negotiable instruments"", ""notice of dishonour"", ""penalty"", ""compensation"", ""trial procedure"", ""defence"", ""culpable mental state"", ""jurisdiction"", ""summons"", ""witness"", ""evidence"", ""appeal"", ""sentence"", ""punishment""]"
139,"[""section"", ""imprisonment"", ""fine"", ""custody"", ""guardian"", ""order"", ""life"", ""person"", ""term"", ""remainder"", ""employ"", ""contrary"", ""place"", ""pretence"", ""trick"", ""article"", ""premise"", ""object"", ""injury"", ""disease""]"
140,"[""kidnap"", ""imprisonment"", ""fine"", ""death"", ""offence"", ""section"", ""detention"", ""kidnapping"", ""abduction"", ""ransom"", ""hurt"", ""slavery"", ""apprehension"", ""government"", ""state"", ""organisation"", ""conduct"", ""danger"", ""life"", ""term""]"
141,"[""section"", ""classification"", ""imprisonment"", ""year"", ""triable"", ""court"", ""session"", ""offense"", ""trial"", ""punishment"", ""accused"", ""procedure"", ""jurisdiction"", ""charge"", ""evidence"", ""witness"", ""judgment"", ""appeal"", ""sentence"", ""criminal""]"
142,"[""kidnapping"", ""abduction"", ""section"", ""classification"", ""punishment"", ""triable"", ""court"", ""criminal"", ""offense"", ""law"", ""Indian"", ""penalty"", ""trial"", ""jurisdiction"", ""procedure"", ""evidence"", ""accused"", ""conviction"", ""sentence"", ""investigation""]"
143,"[""imprisonment"", ""offence"", ""trafficking"", ""life"", ""fine"", ""exploitation"", ""child"", ""consent"", ""slavery"", ""police"", ""section"", ""recruit"", ""transport"", ""transfer"", ""receive"", ""threat"", ""force"", ""coercion"", ""abduction"", ""fraud""]"
144,"[""imprisonment"", ""fine"", ""exploitation"", ""child"", ""person"", ""term"", ""reason"", ""manner"", ""year""]"
145,"[""imprisonment"", ""classification"", ""life"", ""year"", ""triable"", ""court"", ""session"", ""trial"", ""offense"", ""punishment"", ""judgment"", ""accused"", ""charge"", ""procedure"", ""evidence"", ""sentence"", ""appeal"", ""jurisdiction"", ""clause"", ""section""]"
146,"[""section"", ""classification"", ""imprisonment"", ""year"", ""triable"", ""magistrate""]"
147,"[""offence"", ""imprisonment"", ""death"", ""life"", ""court"", ""session"", ""triable"", ""insurrection"", ""government"", ""classification"", ""section"", ""illustration""]"
148,"[""imprisonment"", ""conspiracy"", ""section"", ""omission"", ""pursuance"", ""classification"", ""life"", ""year"", ""triable"", ""court"", ""session"", ""explanation""]"
149,"[""classification"", ""death"", ""imprisonment"", ""life"", ""triable"", ""court"", ""session"", ""offense"", ""trial"", ""judgment"", ""punishment"", ""accused"", ""charge"", ""evidence"", ""procedure"", ""witness"", ""conviction"", ""appeal"", ""sentence"", ""jurisdiction""]"
150,"[""section"", ""classification"", ""imprisonment"", ""year"", ""triable"", ""court"", ""session"", ""offense"", ""trial"", ""punishment"", ""accused"", ""procedure"", ""evidence"", ""jurisdiction"", ""charge"", ""witness"", ""judgment"", ""appeal"", ""bail"", ""sentence""]"
151,"[""section"", ""classification"", ""imprisonment"", ""year"", ""triable"", ""court"", ""session"", ""offense"", ""punishment"", ""trial"", ""accused"", ""procedure"", ""evidence"", ""jurisdiction"", ""charge"", ""bail"", ""witness"", ""conviction"", ""appeal"", ""judgment""]"
152,"[""imprisonment"", ""section"", ""court"", ""session"", ""life"", ""year"", ""triable"", ""action"", ""measure"", ""classification"", ""activity"", ""government"", ""view"", ""explanation"", ""comment"", ""disapprobation"", ""alteration"", ""mean""]"
153,"[""imprisonment"", ""section"", ""classification"", ""life"", ""year"", ""triable"", ""court"", ""session""]"
154,"[""classification"", ""imprisonment"", ""forfeiture"", ""property"", ""triable"", ""court"", ""session"", ""section"", ""offense"", ""trial"", ""punishment"", ""judgment"", ""accused"", ""evidence"", ""charge"", ""procedure"", ""criminal"", ""law"", ""penalty"", ""conviction""]"
155,"[""classification"", ""imprisonment"", ""forfeiture"", ""property"", ""triable"", ""court"", ""session"", ""section"", ""offense"", ""trial"", ""judgment"", ""penalty"", ""accused"", ""evidence"", ""procedure"", ""jurisdiction"", ""conviction"", ""appeal"", ""sentence"", ""law""]"
156,"[""imprisonment"", ""classification"", ""life"", ""year"", ""triable"", ""court"", ""session"", ""offense"", ""punishment"", ""trial"", ""section"", ""criminal"", ""procedure"", ""judgment"", ""accused"", ""charge"", ""evidence"", ""sentence"", ""appeal"", ""warrant""]"
157,"[""section"", ""imprisonment"", ""magistrate"", ""classification"", ""year"", ""criminal"", ""offense"", ""trial"", ""judgment"", ""penalty"", ""court"", ""procedure"", ""law"", ""section 157"", ""bns"", ""bnhs""]"
158,"[""prisoner"", ""imprisonment"", ""parole"", ""custody"", ""classification"", ""life"", ""year"", ""triable"", ""court"", ""session"", ""section"", ""explanation"", ""limit"", ""state""]"
159,"[""imprisonment"", ""section"", ""classification"", ""life"", ""year"", ""triable"", ""court"", ""session""]"
160,"[""imprisonment"", ""section"", ""classification"", ""death"", ""life"", ""year"", ""triable"", ""court"", ""session"", ""punishment"", ""offense"", ""trial"", ""judgment"", ""criminal"", ""accused"", ""evidence"", ""procedure"", ""sentence"", ""charge"", ""appeal""]"
161,"[""section"", ""imprisonment"", ""magistrate"", ""classification"", ""year"", ""criminal"", ""offense"", ""trial"", ""judgment"", ""penalty"", ""law"", ""procedure"", ""court"", ""accused"", ""sentence"", ""section 161"", ""evidence"", ""witness"", ""charge"", ""prosecution""]"
162,"[""classification"", ""imprisonment"", ""year"", ""magistrate"", ""class""]"
163,"[""classification"", ""imprisonment"", ""year"", ""triable"", ""magistrate""]"
164,"[""section"", ""exception"", ""provision"", ""case"", ""harbour"", ""spouse"", ""deserter"", ""classification"", ""imprisonment"", ""year"", ""triable"", ""magistrate""]"
165,"[""section"", ""classification"", ""fine"", ""rupee"", ""triable"", ""magistrate"", ""criminal"", ""procedure"", ""offense"", ""trial"", ""evidence"", ""jurisdiction"", ""penalty"", ""accused"", ""court"", ""summons"", ""warrant"", ""investigation"", ""charge"", ""bail""]"
166,"[""classification"", ""imprisonment"", ""year"", ""triable"", ""magistrate""]"
167,"[""Section"", ""Criminal"", ""Procedure"", ""Law"", ""India"", ""Bhartiya Nyaya Sanhita"", ""Evidence"", ""Trial"", ""Offense"", ""Jurisdiction"", ""Investigation"", ""Charge"", ""Accused"", ""Court"", ""Punishment"", ""Bail"", ""Arrest"", ""Witness"", ""Verdict"", ""Appeal""]"
168,"[""classification"", ""imprisonment"", ""fine"", ""rupee"", ""triable"", ""magistrate"", ""section"", ""offense"", ""punishment"", ""trial"", ""judgment"", ""criminal"", ""procedure"", ""court"", ""accused"", ""evidence"", ""sentence"", ""appeal"", ""jurisdiction"", ""conviction""]"
169,"[""candidate"", ""person"", ""election"", ""right"", ""section""]"
170,"[""offence"", ""bribery"", ""section"", ""reward"", ""punishment"", ""motive"", ""declaration"", ""action"", ""person"", ""right"", ""policy"", ""promise"", ""object"", ""gratification"", ""legal"", ""criminal"", ""procedure"", ""law"", ""corruption"", ""investigation""]"
171,"[""offence"", ""election"", ""influence"", ""candidate"", ""voter"", ""exercise"", ""section"", ""person"", ""meaning"", ""injury"", ""prejudice"", ""provision"", ""induce"", ""attempt"", ""object"", ""displeasure"", ""censure"", ""declaration"", ""policy""]"
172,"[""section"", ""proxy"", ""elector"", ""person"", ""time"", ""force""]"
173,"[""bribery"", ""section"", ""gratification"", ""imprisonment"", ""triable"", ""magistrate"", ""classification"", ""provision"", ""explanation"", ""form"", ""food"", ""drink"", ""entertainment"", ""year"", ""class"", ""offense"", ""punishment"", ""trial"", ""law"", ""criminal""]"
174,"[""classification"", ""imprisonment"", ""year"", ""triable"", ""magistrate"", ""class""]"
175,"[""classification"", ""triable"", ""magistrate"", ""class"", ""offense"", ""trial"", ""jurisdiction"", ""procedure"", ""criminal"", ""section"", ""accused"", ""evidence"", ""court"", ""punishment"", ""charge"", ""investigation"", ""witness"", ""prosecution"", ""defense"", ""appeal""]"
176,"[""section"", ""magistrate"", ""fine"", ""triable"", ""authority"", ""approval"", ""classification"", ""person"", ""candidate"", ""writing"", ""date"", ""day"", ""expense"", ""rupee"", ""law"", ""criminal"", ""procedure"", ""trial"", ""judgment"", ""offense""]"
177,"[""section"", ""classification"", ""fine"", ""rupee"", ""triable"", ""magistrate"", ""criminal"", ""procedure"", ""offense"", ""trial"", ""judgment"", ""evidence"", ""accused"", ""court"", ""punishment"", ""jurisdiction"", ""complaint"", ""summons"", ""witness"", ""appeal""]"
178,"[""offence"", ""imprisonment"", ""court"", ""section"", ""punishment"", ""trial"", ""criminal"", ""law"", ""procedure"", ""evidence"", ""offender"", ""judgment"", ""charge"", ""accused"", ""bail"", ""sentence"", ""prosecution"", ""defense"", ""appeal""]"
179,"[""imprisonment"", ""section"", ""classification"", ""life"", ""year"", ""triable"", ""court"", ""session""]"
180,"[""section"", ""classification"", ""imprisonment"", ""year"", ""triable"", ""court"", ""session"", ""offense"", ""punishment"", ""trial"", ""accused"", ""procedure"", ""evidence"", ""jurisdiction"", ""charge"", ""witness"", ""judgment"", ""appeal"", ""bail"", ""sentence""]"
181,"[""imprisonment"", ""classification"", ""life"", ""year"", ""triable"", ""court"", ""session"", ""offense"", ""punishment"", ""trial"", ""section"", ""criminal"", ""judgment"", ""accused"", ""procedure"", ""evidence"", ""sentence"", ""appeal"", ""jurisdiction"", ""charge""]"
182,"[""offence"", ""section"", ""police"", ""officer"", ""document"", ""note"", ""fine"", ""rupee"", ""currency"", ""bank"", ""making"", ""connection"", ""resisting"", ""contrary"", ""purpose"", ""address"", ""respect"", ""excuse"", ""resembling"", ""person""]"
183,"[""section"", ""classification"", ""imprisonment"", ""year"", ""magistrate"", ""class""]"
184,"[""section"", ""classification"", ""imprisonment"", ""year"", ""triable"", ""magistrate""]"
185,"[""classification"", ""imprisonment"", ""year"", ""magistrate"", ""class""]"
186,"[""section"", ""magistrate"", ""fine"", ""possession"", ""instrument"", ""material"", ""stamp"", ""rupee"", ""rate"", ""postage"", ""deal"", ""representation"", ""reference"", ""clause"", ""country"", ""classification"", ""triable"", ""person"", ""connection"", ""word""]"
187,"[""section"", ""classification"", ""imprisonment"", ""year"", ""magistrate"", ""class"", ""offense"", ""punishment"", ""trial"", ""judgment"", ""criminal"", ""law"", ""procedure"", ""section 187"", ""section 188"", ""section 189"", ""section 190"", ""section 191"", ""section 192"", ""section 193""]"
188,"[""section"", ""imprisonment"", ""magistrate"", ""classification"", ""year"", ""criminal"", ""procedure"", ""offense"", ""trial"", ""judgment"", ""penalty"", ""court"", ""law"", ""section 188"", ""punishment"", ""arrest"", ""charge"", ""bail"", ""evidence"", ""conviction""]"
189,"[""offence"", ""imprisonment"", ""section"", ""weapon"", ""right"", ""offender"", ""mischief"", ""trespass"", ""property"", ""disturbance"", ""peace"", ""engage"", ""employment"", ""hiring"", ""engagement"", ""possession"", ""death"", ""pursuance"", ""power"", ""process""]"
190,"[""offence"", ""criminal"", ""trial"", ""court"", ""accused"", ""section"", ""procedure"", ""evidence"", ""judgment"", ""punishment"", ""investigation"", ""arrest"", ""bail"", ""witness"", ""charge"", ""section 190"", ""complaint"", ""summons"", ""jurisdiction"", ""penalty""]"
191,"[""rioting"", ""offence"", ""imprisonment"", ""weapon"", ""force"", ""violence"", ""prosecution"", ""death"", ""member"", ""assembly"", ""description"", ""term"", ""year"", ""object""]"
192,"[""imprisonment"", ""section"", ""classification"", ""provocation"", ""intent"", ""riot"", ""rioting"", ""triable"", ""magistrate"", ""criminal"", ""offense"", ""trial"", ""punishment"", ""law"", ""procedure"", ""evidence"", ""culpability"", ""charge"", ""accused"", ""judgment""]"
193,"[""offence"", ""police"", ""station"", ""case"", ""officer"", ""charge"", ""dispute"", ""notice"", ""taking"", ""riot"", ""assembly"", ""person"", ""land"", ""owner"", ""occupier"", ""interest"", ""agent"", ""manager"", ""reason"", ""benefit""]"
194,"[""affray"", ""person"", ""place"", ""peace"", ""imprisonment"", ""fine"", ""rupee"", ""term"", ""month"", ""description""]"
195,"[""assault"", ""fine"", ""imprisonment"", ""discharge"", ""duty"", ""assembly"", ""riot"", ""affray"", ""term"", ""year"", ""rupee"", ""force"", ""servant"", ""description"", ""charge"", ""trial"", ""offense"", ""penalty"", ""conviction"", ""sentence""]"
196,"[""offence"", ""section"", ""imprisonment"", ""assembly"", ""performance"", ""ceremony"", ""fine"", ""activity"", ""force"", ""violence"", ""participant"", ""ground"", ""place"", ""enmity"", ""hatred"", ""racial"", ""maintenance"", ""harmony"", ""tranquility"", ""attempt""]"
197,"[""offence"", ""section"", ""imprisonment"", ""plea"", ""appeal"", ""counsel"", ""right"", ""citizen"", ""obligation"", ""security"", ""place"", ""assembly"", ""performance"", ""ceremony"", ""fine""]"
198,"[""officer"", ""execution"", ""order"", ""decree"", ""court"", ""disobey"", ""injury"", ""offence"", ""classification"", ""imprisonment"", ""triable"", ""magistrate"", ""property"", ""direction"", ""knowledge"", ""illustration"", ""favour"", ""year"", ""section"", ""law""]"
199,"[""offence"", ""investigation"", ""imprisonment"", ""fine"", ""magistrate"", ""disobey"", ""classification"", ""matter"", ""relation"", ""direction"", ""person"", ""place"", ""information"", ""attendance"", ""purpose"", ""term"", ""prejudice"", ""manner"", ""month"", ""year""]"
200,"[""section"", ""imprisonment"", ""triable"", ""magistrate"", ""classification"", ""criminal"", ""offense"", ""trial"", ""judgment"", ""penalty"", ""court"", ""procedure"", ""sectioning"", ""accused"", ""charge"", ""evidence"", ""sentence"", ""jurisdiction"", ""appeal"", ""conviction""]"
201,"[""imprisonment"", ""magistrate"", ""classification"", ""year"", ""section 201"", ""criminal law"", ""procedure"", ""offense"", ""trial"", ""judgment"", ""penalty"", ""accused"", ""evidence"", ""court"", ""jurisdiction"", ""charge"", ""conviction"", ""appeal"", ""sentence"", ""bail""]"
202,"[""classification"", ""imprisonment"", ""year"", ""community"", ""service"", ""triable"", ""magistrate"", ""class""]"
203,"[""section"", ""classification"", ""imprisonment"", ""confiscation"", ""property"", ""triable"", ""magistrate"", ""offense"", ""trial"", ""punishment"", ""criminal"", ""law"", ""procedure"", ""evidence"", ""judgment"", ""accused"", ""charge"", ""court"", ""sentence"", ""appeal""]"
204,"[""imprisonment"", ""classification"", ""magistrate"", ""triable"", ""month"", ""year"", ""section 204"", ""criminal law"", ""procedure"", ""offense"", ""trial"", ""judgment"", ""sentence"", ""arrest"", ""charge"", ""evidence"", ""witness"", ""court"", ""accused"", ""bail""]"
205,"[""imprisonment"", ""fine"", ""rupee"", ""magistrate"", ""classification"", ""triable"", ""section 205"", ""criminal"", ""procedure"", ""trial"", ""offense"", ""punishment"", ""judgment"", ""court"", ""accused"", ""evidence"", ""charge"", ""sentence"", ""appeal"", ""jurisdiction""]"
206,"[""imprisonment"", ""term"", ""fine"", ""section"", ""summon"", ""notice"", ""order"", ""person"", ""agent"", ""document"", ""record"", ""court"", ""criminal"", ""procedure"", ""trial"", ""offense"", ""punishment"", ""judgment"", ""accused"", ""evidence""]"
207,"[""imprisonment"", ""term"", ""fine"", ""summon"", ""notice"", ""order"", ""proclamation"", ""person"", ""agent"", ""document"", ""record"", ""court"", ""trial"", ""accused"", ""witness"", ""judgment"", ""sentence"", ""appeal"", ""arrest"", ""bail""]"
208,"[""court"", ""offence"", ""judge"", ""summon"", ""notice"", ""order"", ""proclamation"", ""witness"", ""subpoena"", ""imprisonment"", ""fine"", ""rupee"", ""person"", ""district"", ""agent"", ""obedience"", ""section"", ""term"", ""month"", ""statement""]"
209,"[""imprisonment"", ""section"", ""magistrate"", ""classification"", ""community"", ""service"", ""year""]"
210,"[""section"", ""imprisonment"", ""term"", ""fine"", ""rupee"", ""court"", ""offence"", ""record"", ""district"", ""document"", ""trial"", ""sentence"", ""punishment"", ""accused"", ""judgment"", ""complaint"", ""arrest"", ""charge"", ""procedure"", ""evidence""]"
211,"[""offence"", ""imprisonment"", ""fine"", ""section"", ""notice"", ""information"", ""commission"", ""order"", ""apprehension"", ""offender"", ""description"", ""term"", ""month"", ""rupee"", ""respect"", ""purpose"", ""law"", ""procedure"", ""trial"", ""penalty""]"
212,"[""offence"", ""offender"", ""imprisonment"", ""fine"", ""rupee"", ""death"", ""murder"", ""dacoity"", ""police"", ""magistrate"", ""district"", ""station"", ""apprehension"", ""body"", ""description"", ""landholder"", ""land"", ""estate"", ""person""]"
213,"[""offence"", ""imprisonment"", ""fine"", ""rupee"", ""triable"", ""provision"", ""chapter"", ""magistrate"", ""court"", ""classification"", ""section"", ""trial"", ""punishment"", ""criminal"", ""judgment"", ""accused"", ""evidence"", ""procedure"", ""penalty"", ""conviction""]"
214,"[""offence"", ""imprisonment"", ""fine"", ""rupee"", ""court"", ""magistrate"", ""classification"", ""provision"", ""triable"", ""chapter"", ""section"", ""trial"", ""punishment"", ""criminal"", ""procedure"", ""judgment"", ""accused"", ""evidence"", ""charge"", ""appeal""]"
215,"[""offence"", ""trial"", ""magistrate"", ""imprisonment"", ""fine"", ""provision"", ""classification"", ""chapter"", ""court"", ""triable"", ""rupee"", ""section"", ""penalty"", ""judgment"", ""accused"", ""evidence"", ""procedure"", ""appeal"", ""sentence"", ""complaint""]"
216,"[""section"", ""imprisonment"", ""triable"", ""magistrate"", ""classification"", ""offense"", ""punishment"", ""trial"", ""judgment"", ""criminal"", ""procedure"", ""court"", ""charge"", ""accused"", ""evidence"", ""warrant"", ""arrest"", ""conviction"", ""appeal"", ""sentence""]"
217,"[""offence"", ""magistrate"", ""police"", ""imprisonment"", ""fine"", ""offender"", ""search"", ""injury"", ""enquiry""]"
218,"[""imprisonment"", ""fine"", ""rupee"", ""classification"", ""magistrate"", ""triable"", ""section 218"", ""criminal"", ""procedure"", ""trial"", ""offense"", ""punishment"", ""judgment"", ""court"", ""accused"", ""evidence"", ""conviction"", ""appeal"", ""sentence"", ""jurisdiction""]"
219,"[""section"", ""classification"", ""imprisonment"", ""month"", ""fine"", ""rupee"", ""triable"", ""magistrate""]"
220,"[""classification"", ""imprisonment"", ""fine"", ""rupee"", ""triable"", ""magistrate""]"
221,"[""section"", ""classification"", ""imprisonment"", ""fine"", ""triable"", ""magistrate"", ""rupee""]"
222,"[""imprisonment"", ""fine"", ""offence"", ""section"", ""court"", ""custody"", ""process"", ""riot"", ""person"", ""demand"", ""assistance"", ""servant"", ""term"", ""month"", ""rupee"", ""commission"", ""purpose""]"
223,"[""offence"", ""offender"", ""section"", ""imprisonment"", ""fine"", ""disobedience"", ""order"", ""harm"", ""injury"", ""danger"", ""riot"", ""risk"", ""life"", ""health"", ""safety"", ""obstruction"", ""annoyance"", ""cause"", ""description"", ""explanation""]"
224,"[""classification"", ""imprisonment"", ""year"", ""triable"", ""magistrate""]"
225,"[""classification"", ""imprisonment"", ""year"", ""triable"", ""magistrate""]"
226,"[""section"", ""classification"", ""imprisonment"", ""year"", ""community"", ""service"", ""triable"", ""magistrate""]"
227,"[""evidence"", ""statement"", ""oath"", ""signature"", ""section"", ""claim"", ""truth"", ""trial"", ""justice"", ""document"", ""support"", ""interpretation"", ""translation"", ""explanation"", ""meaning"", ""character"", ""faith"", ""person"", ""place"", ""subject""]"
228,"[""evidence"", ""conspiracy"", ""section"", ""theft"", ""entry"", ""shop"", ""court"", ""handwriting"", ""accomplice"", ""police"", ""officer"", ""circumstance"", ""letter"", ""illustration"", ""purpose"", ""place"", ""imitation"", ""book"", ""intention"", ""law""]"
229,"[""court"", ""evidence"", ""investigation"", ""enquiry"", ""trial"", ""section"", ""magistrate"", ""officer"", ""statement"", ""case"", ""imprisonment"", ""fine"", ""rupee"", ""proceeding"", ""place"", ""boundary"", ""land"", ""oath"", ""authority"", ""purpose""]"
230,"[""offence"", ""punishment"", ""section"", ""imprisonment"", ""fine"", ""death"", ""life"", ""term"", ""year"", ""consequence"", ""capital"", ""rupee"", ""evidence"", ""person"", ""force"", ""time"", ""hereinbefore"", ""law"", ""criminal"", ""procedure""]"
231,"[""imprisonment"", ""court"", ""dacoity"", ""section"", ""evidence"", ""punishment"", ""offence"", ""classification"", ""triable"", ""session"", ""life"", ""term"", ""year"", ""illustration"", ""trial"", ""judgment"", ""criminal"", ""procedure"", ""law"", ""penalty""]"
232,"[""section"", ""punishment"", ""sentence"", ""imprisonment"", ""death"", ""property"", ""injury"", ""evidence"", ""intent"", ""consequence"", ""description"", ""term"", ""manner"", ""extent"", ""reputation"", ""person"", ""year""]"
233,"[""evidence"", ""offence"", ""section"", ""classification"", ""court"", ""trial"", ""criminal"", ""procedure"", ""law"", ""accused"", ""judgment"", ""section 233"", ""section 234"", ""section 235"", ""section 236"", ""section 237"", ""section 238"", ""section 239"", ""section 240"", ""section 241""]"
234,"[""evidence"", ""classification"", ""triable"", ""court"", ""offence"", ""trial"", ""criminal"", ""section"", ""procedure"", ""judgment"", ""accused"", ""witness"", ""charge"", ""punishment"", ""investigation"", ""prosecution"", ""defense"", ""section 234"", ""bail"", ""appeal""]"
235,"[""evidence"", ""offence"", ""court"", ""classification"", ""triable"", ""section 235"", ""trial"", ""criminal"", ""procedure"", ""accused"", ""judgment"", ""witness"", ""charge"", ""section 235 of Bhartiya Nyaya Sanhita"", ""trial court"", ""plea"", ""bail"", ""sentencing"", ""appeal"", ""prosecution""]"
236,"[""evidence"", ""section"", ""classification"", ""triable"", ""court"", ""offence""]"
237,"[""section"", ""evidence"", ""offence"", ""court"", ""triable"", ""ground"", ""declaration"", ""classification"", ""meaning"", ""explanation"", ""procedure"", ""trial"", ""accused"", ""jurisdiction"", ""charge"", ""summons"", ""witness"", ""plea"", ""conviction"", ""sentence""]"
238,"[""imprisonment"", ""offence"", ""punishment"", ""fine"", ""death"", ""life"", ""term"", ""year"", ""body"", ""intention"", ""description"", ""criminal law"", ""procedure"", ""trial"", ""sentence"", ""culpability"", ""penalty"", ""jurisdiction"", ""accused"", ""conviction""]"
239,"[""section"", ""classification"", ""imprisonment"", ""fine"", ""triable"", ""magistrate"", ""rupee""]"
240,"[""offence"", ""imprisonment"", ""triable"", ""magistrate"", ""section"", ""classification"", ""place"", ""year"", ""explanation"", ""word""]"
241,"[""section"", ""classification"", ""imprisonment"", ""fine"", ""triable"", ""magistrate"", ""criminal"", ""offense"", ""punishment"", ""trial"", ""judgment"", ""court"", ""accused"", ""procedure"", ""evidence"", ""charge"", ""conviction"", ""appeal"", ""sentence"", ""jurisdiction""]"
242,"[""section"", ""classification"", ""imprisonment"", ""year"", ""triable"", ""magistrate"", ""class"", ""offense"", ""punishment"", ""trial"", ""criminal"", ""procedure"", ""law"", ""judgment"", ""charge"", ""evidence"", ""court"", ""accused"", ""sentence"", ""jurisdiction""]"
243,"[""imprisonment"", ""magistrate"", ""classification"", ""triable"", ""rupee"", ""section 243"", ""criminal"", ""procedure"", ""trial"", ""offense"", ""court"", ""judgment"", ""penalty"", ""accused"", ""evidence"", ""witness"", ""charge"", ""bail"", ""sentence"", ""appeal""]"
244,"[""classification"", ""imprisonment"", ""year"", ""triable"", ""magistrate""]"
245,"[""offence"", ""imprisonment"", ""magistrate"", ""trial"", ""judgment"", ""claim"", ""order"", ""proceed"", ""sale"", ""property"", ""classification"", ""section"", ""suit"", ""decree"", ""benefit"", ""account"", ""year"", ""class"", ""institution""]"
246,"[""classification"", ""imprisonment"", ""year"", ""triable"", ""magistrate"", ""class""]"
247,"[""section"", ""classification"", ""imprisonment"", ""year"", ""triable"", ""magistrate"", ""class""]"
248,"[""imprisonment"", ""fine"", ""charge"", ""offence"", ""death"", ""life"", ""proceeding"", ""term"", ""year"", ""rupee"", ""lakh"", ""description""]"
249,"[""imprisonment"", ""offence"", ""section"", ""fine"", ""life"", ""death"", ""punishment"", ""offender"", ""case"", ""order"", ""harbour"", ""concealment"", ""spouse"", ""dacoity"", ""exception"", ""purpose"", ""person"", ""description"", ""term"", ""place""]"
250,"[""imprisonment"", ""offence"", ""term"", ""fine"", ""death"", ""life"", ""punishment"", ""sentence"", ""trial"", ""accused"", ""conviction"", ""judgment"", ""penalty"", ""criminal"", ""charge"", ""arrest"", ""bail"", ""clause"", ""section"", ""prosecution""]"
251,"[""imprisonment"", ""offence"", ""fine"", ""death"", ""life"", ""sentence"", ""trial"", ""punishment"", ""culpability"", ""criminal"", ""conviction"", ""penalty"", ""judgment"", ""accused"", ""prosecution"", ""defendant"", ""guilt"", ""evidence"", ""charge"", ""appeal""]"
252,"[""section"", ""classification"", ""imprisonment"", ""year"", ""magistrate"", ""class""]"
253,"[""offence"", ""imprisonment"", ""section"", ""custody"", ""fine"", ""life"", ""death"", ""extradition"", ""provision"", ""case"", ""harbour"", ""concealment"", ""spouse"", ""omission"", ""purpose"", ""exception"", ""description"", ""person"", ""term""]"
254,"[""robbery"", ""dacoity"", ""offender"", ""harbour"", ""spouse"", ""classification"", ""imprisonment"", ""magistrate"", ""case"", ""section"", ""explanation"", ""purpose"", ""exception"", ""year"", ""law"", ""criminal"", ""procedure"", ""penalty"", ""trial"", ""jurisdiction""]"
255,"[""classification"", ""imprisonment"", ""year"", ""triable"", ""magistrate""]"
256,"[""imprisonment"", ""magistrate"", ""classification"", ""year"", ""section"", ""criminal"", ""law"", ""procedure"", ""offense"", ""punishment"", ""judgment"", ""trial"", ""court"", ""accused"", ""evidence"", ""charge"", ""sentence"", ""appeal"", ""jurisdiction"", ""procedure code""]"
257,"[""section"", ""classification"", ""imprisonment"", ""year"", ""triable"", ""magistrate"", ""class""]"
258,"[""classification"", ""imprisonment"", ""year"", ""triable"", ""magistrate"", ""class""]"
259,"[""imprisonment"", ""term"", ""year"", ""confinement"", ""offence"", ""death"", ""life"", ""punishment"", ""sentence"", ""judgment"", ""trial"", ""accused"", ""conviction"", ""penalty"", ""criminal"", ""law"", ""procedure"", ""section"", ""section 259"", ""bail""]"
260,"[""imprisonment"", ""sentence"", ""term"", ""life"", ""death"", ""court"", ""custody"", ""commutation"", ""confinement"", ""person"", ""virtue"", ""description"", ""year""]"
261,"[""imprisonment"", ""classification"", ""magistrate"", ""triable"", ""section 261"", ""criminal"", ""procedure"", ""offense"", ""trial"", ""judgment"", ""punishment"", ""accused"", ""evidence"", ""court"", ""charge"", ""section"", ""legal"", ""penalty"", ""conviction""]"
262,"[""punishment"", ""offence"", ""imprisonment"", ""magistrate"", ""custody"", ""section"", ""triable"", ""classification"", ""person"", ""year"", ""explanation"", ""addition""]"
263,"[""imprisonment"", ""sentence"", ""offence"", ""court"", ""fine"", ""death"", ""life"", ""term"", ""person"", ""commutation"", ""trial"", ""punishment"", ""judgment"", ""conviction"", ""appeal"", ""sentence reduction"", ""criminal"", ""procedure"", ""penalty"", ""judiciary""]"
264,"[""imprisonment"", ""term"", ""year"", ""sentence"", ""punishment"", ""offense"", ""criminal"", ""trial"", ""judgment"", ""conviction"", ""appeal"", ""detention"", ""law"", ""penalty"", ""accused"", ""charge"", ""procedure"", ""section"", ""section 264"", ""bail""]"
265,"[""section"", ""bnss"", ""classification"", ""imprisonment"", ""month"", ""triable"", ""magistrate""]"
266,"[""punishment"", ""classification"", ""sentence"", ""triable"", ""court"", ""offence"", ""trial"", ""accused"", ""judgment"", ""procedure"", ""criminal"", ""section"", ""law"", ""evidence"", ""prosecution"", ""defendant"", ""conviction"", ""appeal"", ""jurisdiction"", ""penalty""]"
267,"[""offence"", ""section"", ""magistrate"", ""imprisonment"", ""fine"", ""triable"", ""provision"", ""classification"", ""chapter"", ""court"", ""rupee"", ""month"", ""penalty"", ""trial"", ""judgment"", ""criminal"", ""procedure"", ""law"", ""accused"", ""evidence""]"
268,"[""classification"", ""imprisonment"", ""year"", ""triable"", ""magistrate"", ""class""]"
269,"[""offender"", ""conviction"", ""offence"", ""punishment"", ""imprisonment"", ""magistrate"", ""court"", ""section"", ""forfeiture"", ""bond"", ""classification"", ""power"", ""year"", ""explanation"", ""addition"", ""prejudice"", ""penalty"", ""trial"", ""judgment"", ""sentence""]"
270,"[""Section"", ""Criminal"", ""Procedure"", ""Evidence"", ""Investigation"", ""Trial"", ""Offense"", ""Punishment"", ""Arrest"", ""Charge"", ""Cognizable"", ""Non-cognizable"", ""Bailable"", ""Non-bailable"", ""Bail"", ""Remand"", ""Witness"", ""Summons"", ""Complaint"", ""Filing""]"
271,"[""classification"", ""imprisonment"", ""month"", ""triable"", ""magistrate""]"
272,"[""section"", ""classification"", ""imprisonment"", ""year"", ""triable"", ""magistrate"", ""criminal"", ""offense"", ""trial"", ""punishment"", ""judgment"", ""procedure"", ""evidence"", ""charge"", ""court"", ""accused"", ""bail"", ""witness"", ""sentence"", ""appeal""]"
273,"[""classification"", ""imprisonment"", ""month"", ""triable"", ""magistrate""]"
274,"[""section"", ""classification"", ""imprisonment"", ""fine"", ""rupee"", ""triable"", ""magistrate""]"
275,"[""section"", ""classification"", ""imprisonment"", ""month"", ""fine"", ""rupee"", ""triable"", ""magistrate""]"
276,"[""classification"", ""imprisonment"", ""fine"", ""triable"", ""magistrate"", ""offense"", ""punishment"", ""section"", ""trial"", ""criminal"", ""court"", ""liable"", ""sentence"", ""judgment"", ""procedure"", ""accused"", ""charge"", ""evidence"", ""conviction""]"
277,"[""section"", ""classification"", ""imprisonment"", ""fine"", ""triable"", ""magistrate"", ""offense"", ""punishment"", ""trial"", ""criminal"", ""court"", ""penalty"", ""judgment"", ""accused"", ""procedure"", ""evidence"", ""charge"", ""conviction"", ""appeal"", ""jurisdiction""]"
278,"[""classification"", ""imprisonment"", ""fine"", ""rupee"", ""triable"", ""magistrate"", ""offense"", ""trial"", ""punishment"", ""judgment"", ""section"", ""criminal"", ""procedure"", ""court"", ""accused"", ""evidence"", ""sentence"", ""appeal"", ""warrant"", ""arrest""]"
279,"[""section"", ""classification"", ""imprisonment"", ""month"", ""fine"", ""rupee"", ""triable"", ""magistrate""]"
280,"[""section"", ""bnss"", ""classification"", ""fine"", ""rupee"", ""triable"", ""magistrate""]"
281,"[""section"", ""classification"", ""imprisonment"", ""fine"", ""triable"", ""magistrate"", ""offense"", ""punishment"", ""criminal"", ""trial"", ""court"", ""judgment"", ""sentence"", ""liable"", ""offender"", ""procedure"", ""penalty"", ""conviction"", ""appeal"", ""jurisdiction""]"
282,"[""classification"", ""imprisonment"", ""fine"", ""rupee"", ""triable"", ""magistrate""]"
283,"[""imprisonment"", ""magistrate"", ""classification"", ""year"", ""rupee"", ""criminal law"", ""procedure"", ""offense"", ""punishment"", ""trial"", ""judgment"", ""section 283"", ""legal process"", ""court"", ""conviction"", ""sentence"", ""appeal"", ""evidence"", ""charge"", ""jurisdiction""]"
284,"[""section"", ""imprisonment"", ""fine"", ""rupee"", ""triable"", ""magistrate"", ""classification"", ""criminal"", ""offense"", ""punishment"", ""trial"", ""judgment"", ""court"", ""accused"", ""evidence"", ""procedure"", ""penalty"", ""conviction"", ""sentence"", ""appeal""]"
285,"[""section 285"", ""classification"", ""fine"", ""rupee"", ""triable"", ""magistrate"", ""criminal"", ""procedure"", ""offense"", ""trial"", ""court"", ""jurisdiction"", ""penalty"", ""summons"", ""warrant"", ""accused"", ""evidence"", ""judgment"", ""appeal"", ""complaint""]"
286,"[""section"", ""imprisonment"", ""fine"", ""triable"", ""magistrate"", ""classification"", ""rupee"", ""month"", ""criminal"", ""offense"", ""trial"", ""penalty"", ""judgment"", ""court"", ""section 286"", ""punishment"", ""legal"", ""procedure"", ""accused"", ""evidence""]"
287,"[""classification"", ""imprisonment"", ""fine"", ""rupee"", ""triable"", ""magistrate""]"
288,"[""section"", ""classification"", ""imprisonment"", ""fine"", ""triable"", ""magistrate"", ""rupee"", ""bnss""]"
289,"[""classification"", ""imprisonment"", ""fine"", ""rupee"", ""triable"", ""magistrate"", ""section 289"", ""criminal law"", ""penalty"", ""offense"", ""trial"", ""judgment"", ""sentence"", ""accused"", ""prosecution"", ""defendant"", ""evidence"", ""culpability"", ""jurisdiction"", ""appeal""]"
290,"[""imprisonment"", ""fine"", ""rupee"", ""classification"", ""magistrate"", ""triable"", ""section 290"", ""criminal"", ""procedure"", ""trial"", ""offense"", ""punishment"", ""judgment"", ""court"", ""accused"", ""evidence"", ""conviction"", ""appeal"", ""sentence"", ""jurisdiction""]"
291,"[""imprisonment"", ""fine"", ""rupee"", ""magistrate"", ""classification"", ""triable"", ""section 291"", ""criminal"", ""procedure"", ""trial"", ""offense"", ""punishment"", ""court"", ""judgment"", ""accused"", ""evidence"", ""witness"", ""charge"", ""conviction"", ""appeal""]"
292,"[""section"", ""classification"", ""fine"", ""rupee"", ""triable"", ""magistrate"", ""criminal"", ""procedure"", ""offense"", ""trial"", ""judgment"", ""evidence"", ""accused"", ""court"", ""punishment"", ""jurisdiction"", ""summons"", ""witness"", ""appeal"", ""penalty""]"
293,"[""section"", ""classification"", ""imprisonment"", ""month"", ""fine"", ""rupee"", ""triable"", ""magistrate""]"
294,"[""offence"", ""conviction"", ""imprisonment"", ""fine"", ""sale"", ""distribute"", ""possession"", ""import"", ""export"", ""profit"", ""business"", ""advertise"", ""circulation"", ""content"", ""display"", ""hire"", ""distribution"", ""appeal"", ""reason""]"
295,"[""conviction"", ""imprisonment"", ""fine"", ""triable"", ""magistrate"", ""classification"", ""offense"", ""sentence"", ""trial"", ""penalty"", ""accused"", ""judgment"", ""procedure"", ""evidence"", ""charge"", ""appeal"", ""jurisdiction"", ""criminal"", ""section"", ""prosecution""]"
296,"[""imprisonment"", ""fine"", ""rupee"", ""magistrate"", ""classification"", ""triable"", ""recite"", ""song"", ""word"", ""description"", ""term"", ""place"", ""month"", ""sing""]"
297,"[""lottery"", ""imprisonment"", ""fine"", ""ticket"", ""drawing"", ""number"", ""figure"", ""rupee"", ""government"", ""state"", ""office"", ""place"", ""purpose"", ""proposal"", ""benefit"", ""person"", ""event"", ""contingency"", ""term"", ""month""]"
298,"[""section"", ""classification"", ""imprisonment"", ""year"", ""triable"", ""magistrate"", ""offense"", ""punishment"", ""trial"", ""criminal"", ""procedure"", ""court"", ""accused"", ""evidence"", ""jurisdiction"", ""charge"", ""bail"", ""witness"", ""conviction"", ""appeal""]"
299,"[""classification"", ""imprisonment"", ""year"", ""triable"", ""magistrate""]"
300,"[""section"", ""imprisonment"", ""triable"", ""magistrate"", ""classification"", ""criminal"", ""offense"", ""trial"", ""judgment"", ""punishment"", ""procedure"", ""law"", ""accused"", ""charge"", ""evidence"", ""court"", ""section 300"", ""section 302"", ""section 304"", ""section 307""]"
301,"[""classification"", ""imprisonment"", ""year"", ""triable"", ""magistrate"", ""section"", ""offense"", ""trial"", ""judgment"", ""punishment"", ""criminal"", ""procedure"", ""court"", ""accused"", ""charge"", ""evidence"", ""witness"", ""sentence"", ""appeal"", ""jurisdiction""]"
302,"[""section"", ""classification"", ""imprisonment"", ""year"", ""triable"", ""magistrate""]"
303,"[""theft"", ""property"", ""possession"", ""consent"", ""intention"", ""order"", ""animal"", ""treasure"", ""debt"", ""security"", ""money"", ""wife"", ""taking"", ""earth"", ""section"", ""authority"", ""house"", ""imprisonment"", ""case"", ""value""]"
304,"[""theft"", ""offender"", ""seize"", ""secure"", ""grab"", ""person"", ""possession"", ""property"", ""imprisonment"", ""fine"", ""section"", ""order"", ""description"", ""term"", ""year""]"
305,"[""imprisonment"", ""custody"", ""fine"", ""classification"", ""triable"", ""magistrate"", ""property"", ""vessel"", ""dwelling"", ""building"", ""tent"", ""passenger"", ""transport"", ""government"", ""authority"", ""article"", ""idol"", ""icon"", ""place"", ""worship""]"
306,"[""classification"", ""imprisonment"", ""year"", ""triable"", ""magistrate""]"
307,"[""theft"", ""offence"", ""property"", ""possession"", ""case"", ""pick"", ""pocket"", ""order"", ""illustration"", ""pistol"", ""garment"", ""purpose"", ""companion"", ""section""]"
308,"[""extortion"", ""imprisonment"", ""fine"", ""offence"", ""punishment"", ""security"", ""property"", ""injury"", ""death"", ""libel"", ""confinement"", ""penalty"", ""produce"", ""sign"", ""accusation"", ""life"", ""bond"", ""note"", ""order"", ""seizure""]"
309,"[""robbery"", ""theft"", ""extortion"", ""imprisonment"", ""offender"", ""fine"", ""order"", ""committing"", ""property"", ""section"", ""attempt"", ""money"", ""jewel"", ""pistol"", ""gang"", ""life"", ""death"", ""hurt"", ""consequence"", ""presence""]"
310,"[""imprisonment"", ""dacoity"", ""fine"", ""life"", ""robbery"", ""murder"", ""death"", ""attempt"", ""gang"", ""commission"", ""term"", ""number"", ""purpose"", ""person"", ""preparation"", ""year""]"
311,"[""classification"", ""imprisonment"", ""year"", ""triable"", ""court"", ""session""]"
312,"[""classification"", ""imprisonment"", ""year"", ""triable"", ""court"", ""session""]"
313,"[""section"", ""imprisonment"", ""magistrate"", ""classification"", ""year"", ""criminal"", ""procedure"", ""offense"", ""trial"", ""judgment"", ""penalty"", ""court"", ""section 313"", ""evidence"", ""accused"", ""sentencing"", ""jurisdiction"", ""law"", ""penal"", ""section 313 of Bhartiya Nyaya Sanhita""]"
314,"[""offence"", ""cheque"", ""theft"", ""possession"", ""misappropriation"", ""criminal"", ""law"", ""section"", ""notice"", ""case"", ""question"", ""fact"", ""content"", ""benefit"", ""right"", ""proceed"", ""meaning"", ""purpose""]"
315,"[""offence"", ""offender"", ""magistrate"", ""imprisonment"", ""classification"", ""triable"", ""section"", ""person"", ""possession"", ""money"", ""furniture"", ""servant"", ""employee"", ""year"", ""illustration"", ""law"", ""criminal"", ""procedure"", ""trial"", ""penalty""]"
316,"[""breach"", ""violation"", ""imprisonment"", ""fine"", ""default"", ""disobey"", ""misappropriate"", ""convert"", ""dispose"", ""discharge"", ""trust"", ""property""]"
317,"[""theft"", ""robbery"", ""dacoity"", ""dacoit"", ""extortion"", ""cheating"", ""breach"", ""trust"", ""misappropriation"", ""property"", ""possession"", ""transfer"", ""deal"", ""imprisonment"", ""fine"", ""section"", ""life"", ""person"", ""reason"", ""term""]"
318,"[""cheat"", ""deceive"", ""imprisonment"", ""contract"", ""deception"", ""section"", ""breach"", ""sale"", ""mortgage"", ""security"", ""damage"", ""harm"", ""body"", ""mind"", ""reputation"", ""concealment"", ""means"", ""cause"", ""action"", ""sell""]"
319,"[""offence"", ""imprisonment"", ""magistrate"", ""triable"", ""classification"", ""person"", ""personation"", ""cheat"", ""banker"", ""explanation"", ""term"", ""description"", ""illustration"", ""section"", ""trial"", ""criminal"", ""procedure"", ""law"", ""penalty"", ""judgment""]"
320,"[""section"", ""imprisonment"", ""month"", ""year"", ""triable"", ""magistrate"", ""classification"", ""criminal"", ""law"", ""procedure"", ""offense"", ""trial"", ""judgment"", ""punishment"", ""accused"", ""evidence"", ""court"", ""jurisdiction"", ""penalty"", ""charge""]"
321,"[""classification"", ""imprisonment"", ""year"", ""triable"", ""magistrate"", ""section"", ""offense"", ""trial"", ""judgment"", ""punishment"", ""criminal"", ""procedure"", ""court"", ""accused"", ""charge"", ""evidence"", ""warrant"", ""appeal"", ""conviction"", ""sentence""]"
322,"[""classification"", ""imprisonment"", ""year"", ""triable"", ""magistrate""]"
323,"[""imprisonment"", ""classification"", ""magistrate"", ""triable"", ""section 323"", ""criminal law"", ""penal provisions"", ""trial procedure"", ""offense classification"", ""judicial process"", ""criminal procedure"", ""sentencing"", ""bail"", ""accused"", ""charge sheet"", ""evidence"", ""judgment"", ""appeal"", ""punishment"", ""criminal jurisdiction""]"
324,"[""mischief"", ""loss"", ""damage"", ""property"", ""imprisonment"", ""intention"", ""offence"", ""offender"", ""owner"", ""destruction"", ""destroy"", ""security"", ""cause"", ""death"", ""public"", ""effect"", ""satisfaction"", ""order"", ""criminal"", ""penalty""]"
325,"[""classification"", ""imprisonment"", ""year"", ""magistrate"", ""class""]"
326,"[""imprisonment"", ""fine"", ""damage"", ""injury"", ""property"", ""fire"", ""substance"", ""place"", ""diminution"", ""supply"", ""water"", ""food"", ""drink"", ""being"", ""animal"", ""manufacture"", ""destruction"", ""building"", ""custody"", ""life""]"
327,"[""imprisonment"", ""fine"", ""section"", ""life"", ""term"", ""burden"", ""mischief"", ""fire"", ""substance"", ""vessel"", ""rail"", ""aircraft"", ""description"", ""year"", ""ton""]"
328,"[""classification"", ""imprisonment"", ""year"", ""triable"", ""court"", ""session""]"
329,"[""offence"", ""property"", ""possession"", ""trespass"", ""house"", ""building"", ""place"", ""imprisonment"", ""fine"", ""custody"", ""intent"", ""description"", ""term"", ""rupee"", ""vessel"", ""dwelling"", ""worship"", ""explanation"", ""introduction"", ""body""]"
330,"[""trespass"", ""offence"", ""entry"", ""occupier"", ""force"", ""breaking"", ""door"", ""wall"", ""window"", ""access"", ""quitting"", ""quitter"", ""lock"", ""abettor"", ""assault"", ""housetrespass"", ""vessel"", ""section""]"
331,"[""imprisonment"", ""offence"", ""theft"", ""assault"", ""trespass"", ""fine"", ""death"", ""life"", ""sentence"", ""criminal"", ""offender"", ""trial"", ""conviction"", ""punishment"", ""arrest"", ""charge"", ""culpable"", ""culprit"", ""prosecution"", ""judgment""]"
332,"[""imprisonment"", ""term"", ""life"", ""death"", ""fine"", ""offence"", ""theft"", ""section"", ""criminal"", ""punishment"", ""sentence"", ""conviction"", ""trial"", ""culpability"", ""liability"", ""penalty"", ""jurisdiction"", ""prosecution"", ""clause"", ""penal""]"
333,"[""section"", ""classification"", ""imprisonment"", ""year"", ""triable"", ""magistrate"", ""offense"", ""trial"", ""punishment"", ""criminal"", ""procedure"", ""court"", ""accused"", ""charge"", ""judgment"", ""evidence"", ""witness"", ""appeal"", ""jurisdiction"", ""penalty""]"
334,"[""intent"", ""mischief"", ""property"", ""imprisonment"", ""authority"", ""receptacle"", ""description"", ""term"", ""year""]"
335,"[""forgery"", ""document"", ""signature"", ""cheque"", ""endorsement"", ""seal"", ""alteration"", ""cancellation"", ""seizure"", ""sign"", ""execution"", ""affix"", ""deception"", ""intent"", ""reason"", ""authenticity"", ""property"", ""crime"", ""criminal"", ""procedure""]"
336,"[""forgery"", ""imprisonment"", ""fraud"", ""fine"", ""section"", ""damage"", ""injury"", ""public"", ""claim"", ""property"", ""contract"", ""cheating"", ""reputation"", ""person"", ""document"", ""record"", ""intent"", ""purpose"", ""term"", ""title""]"
337,"[""section"", ""clause"", ""imprisonment"", ""magistrate"", ""record"", ""entry"", ""form"", ""classification"", ""purpose"", ""explanation"", ""list"", ""datum"", ""information"", ""year""]"
338,"[""Section 338"", ""Bhartiya Nyaya Sanhita"", ""criminal law"", ""procedure"", ""offense"", ""trial"", ""accused"", ""evidence"", ""punishment"", ""investigation"", ""court"", ""jurisdiction"", ""witness"", ""charge"", ""arrest"", ""bail"", ""conviction"", ""appeal"", ""defense"", ""sentencing""]"
339,"[""Section"", ""Criminal"", ""Procedure"", ""Code"", ""Bhartiya"", ""Nyaya"", ""Sanha"", ""Offense"", ""Investigation"", ""Trial"", ""Arrest"", ""Evidence"", ""Charge"", ""Court"", ""Jurisdiction"", ""Bail"", ""Punishment"", ""Accused"", ""Complaint"", ""Summons""]"
340,"[""forgery"", ""section"", ""punishment"", ""magistrate"", ""record"", ""classification"", ""manner"", ""reason"", ""document"", ""criminal law"", ""procedure"", ""evidence"", ""offense"", ""trial"", ""judgment"", ""investigation"", ""accused"", ""witness"", ""charge"", ""court""]"
341,"[""imprisonment"", ""fine"", ""section"", ""forgery"", ""possession"", ""instrument"", ""seal"", ""plate"", ""impression"", ""purpose"", ""intent"", ""life"", ""term"", ""chapter"", ""description"", ""reason"", ""manner"", ""santhita"", ""year"", ""criminal""]"
342,"[""section"", ""imprisonment"", ""fine"", ""life"", ""possession"", ""document"", ""material"", ""device"", ""mark"", ""appearance"", ""authenticity"", ""intent"", ""description"", ""record"", ""purpose"", ""term"", ""year"", ""santhita"", ""substance"", ""statement""]"
343,"[""imprisonment"", ""classification"", ""life"", ""year"", ""magistrate"", ""class"", ""punishment"", ""sentence"", ""offense"", ""trial"", ""judgment"", ""criminal"", ""law"", ""section"", ""procedure"", ""court"", ""conviction"", ""penalty"", ""appeal"", ""judicial""]"
344,"[""section"", ""charge"", ""offence"", ""imprisonment"", ""triable"", ""magistrate"", ""classification"", ""fraud"", ""intent"", ""person"", ""money"", ""subject"", ""explanation"", ""year"", ""criminal"", ""procedure"", ""trial"", ""penalty"", ""jurisdiction""]"
345,"[""imprisonment"", ""section"", ""person"", ""case"", ""magistrate"", ""triable"", ""intent"", ""classification"", ""term"", ""manner"", ""description"", ""property"", ""mark"", ""good"", ""receptacle"", ""package"", ""year"", ""statement"", ""evidence"", ""trial""]"
346,"[""section"", ""classification"", ""imprisonment"", ""year"", ""triable"", ""magistrate"", ""criminal"", ""law"", ""offense"", ""trial"", ""punishment"", ""judgment"", ""procedure"", ""accused"", ""charge"", ""evidence"", ""court"", ""jurisdiction"", ""penalty"", ""bail""]"
347,"[""imprisonment"", ""fine"", ""exemption"", ""property"", ""offense"", ""trial"", ""sentence"", ""accused"", ""court"", ""criminal"", ""procedure"", ""penalty"", ""arrest"", ""charge"", ""evidence"", ""judgment"", ""witness"", ""appeal"", ""detention"", ""conviction""]"
348,"[""section"", ""imprisonment"", ""triable"", ""magistrate"", ""classification"", ""year"", ""offense"", ""punishment"", ""trial"", ""court"", ""criminal"", ""procedure"", ""section 348"", ""judgment"", ""sentence"", ""accused"", ""charge"", ""evidence"", ""appeal"", ""jurisdiction""]"
349,"[""offence"", ""imprisonment"", ""section"", ""magistrate"", ""triable"", ""prosecutor"", ""classification"", ""power"", ""demand"", ""information"", ""person"", ""term"", ""reason"", ""genuineness"", ""mark"", ""respect"", ""behalf"", ""description"", ""thing""]"
350,"[""section"", ""offence"", ""imprisonment"", ""person"", ""case"", ""intent"", ""description"", ""term"", ""year"", ""mark"", ""manner"", ""nature"", ""quality"", ""servant"", ""package"", ""receptacle"", ""good"", ""reception"", ""law"", ""procedure""]"
351,"[""offence"", ""imprisonment"", ""section"", ""punishment"", ""death"", ""injury"", ""property"", ""threat"", ""destruction"", ""fire"", ""life"", ""hurt"", ""alarm"", ""intimidation"", ""communication"", ""purpose"", ""description"", ""mean"", ""illustration"", ""explanation""]"
352,"[""classification"", ""imprisonment"", ""year"", ""triable"", ""magistrate"", ""section"", ""offense"", ""trial"", ""court"", ""punishment"", ""criminal"", ""procedure"", ""section 352"", ""judgment"", ""accused"", ""evidence"", ""witness"", ""charge"", ""bail"", ""conviction""]"
353,"[""offence"", ""section"", ""imprisonment"", ""report"", ""public"", ""officer"", ""force"", ""duty"", ""state"", ""news"", ""rumour"", ""statement"", ""information"", ""intent"", ""mean"", ""place"", ""community"", ""religion"", ""race"", ""ceremony""]"
354,"[""offence"", ""imprisonment"", ""classification"", ""magistrate"", ""killing"", ""triable"", ""section"", ""object"", ""intention"", ""displeasure"", ""circumstance"", ""child"", ""door"", ""dharna"", ""illustration"", ""year""]"
355,"[""classification"", ""imprisonment"", ""fine"", ""rupee"", ""community"", ""service"", ""triable"", ""magistrate"", ""section 355"", ""criminal law"", ""procedure"", ""offense"", ""trial"", ""judgment"", ""punishment"", ""court"", ""accused"", ""witness"", ""evidence"", ""appeal""]"
356,"[""defamation"", ""court"", ""judgment"", ""witness"", ""reputation"", ""case"", ""magistrate"", ""trial"", ""officer"", ""imprisonment"", ""discharge"", ""proceeding"", ""accusation"", ""protection"", ""authority"", ""question"", ""statement"", ""evidence"", ""charge"", ""sentence""]"
357,"[""section"", ""classification"", ""imprisonment"", ""fine"", ""triable"", ""magistrate"", ""offense"", ""punishment"", ""trial"", ""criminal"", ""court"", ""penalty"", ""judgment"", ""accused"", ""procedure"", ""evidence"", ""conviction"", ""appeal"", ""jurisdiction"", ""sentence""]"
358,"[""penalty"", ""punishment"", ""offence"", ""liability"", ""investigation"", ""proceeding"", ""action"", ""provision"", ""repeal"", ""section"", ""remedy"", ""obligation"", ""privilege"", ""matter"", ""application"", ""clause"", ""respect"", ""regard"", ""effect"", ""mention""]"
